keyword,language,topic,topicColor,keywordColor,limitPages,ratioNew
'Ro Khanna',fr,unknown,#111111,#111111,2,0.503135573439
'Rob Reiner',fr,unknown,#111111,#111111,3,0.494768607720
'Nicolás Maduro',fr,unknown,#111111,#111111,3,0.489394415990
'Woody Allen',fr,unknown,#111111,#111111,2,0.488421643564
'Brigitte Bardot',fr,unknown,#111111,#111111,3,0.482477299012
'Olivier Faure',fr,Frankreich,#e8e808,#e8e808,3,0.481465894877
'Ghislaine Maxwell',fr,unknown,#111111,#111111,3,0.480883393354
'Affaire Epstein',fr,unknown,#111111,#111111,3,0.480194394907
'Kamel Daoud',fr,unknown,#111111,#111111,2,0.480184375691
'Jean Castex',fr,Frankreich,#e8e808,#e8e808,2,0.479877321468
'reine Mathilde',fr,unknown,#111111,#111111,2,0.479755892217
'Dick Cheney',fr,USA,#18e8e8,#18e8e8,2,0.479439419594
'Larry Summers',fr,unknown,#111111,#111111,3,0.479270656092
'Thomas Müller',fr,unknown,#111111,#111111,1,0.477607550974
'Volodymyr Zelensky',fr,Ukraine,#e818e8,#e818e8,3,0.477357733762
'Tucker Carlson',fr,USA,#18e8e8,#18e8e8,3,0.477146759281
'Gérald Darmanin',fr,Frankreich,#e8e808,#e8e808,3,0.475879575976
'Elon Musk',fr,USA,#18e8e8,#18e8e8,3,0.475759142292
'Andrew Windsor',fr,unknown,#111111,#111111,1,0.475757348780
'Steve Bannon',fr,unknown,#111111,#111111,1,0.474037988626
'Christophe Gleizes',fr,unknown,#111111,#111111,3,0.473427768050
'Emmanuel Macron',fr,Frankreich,#e8e808,#e8e808,3,0.473192562448
'Édouard Philippe',fr,Frankreich,#e8e808,#e8e808,3,0.469248849151
'prince Andrew',fr,unknown,#111111,#111111,3,0.467109591244
'Vladimir Poutine',fr,Russland,#e81818,#e81818,3,0.467078969573
'Philippe Aghion',fr,Frankreich,#e8e808,#e8e808,2,0.465930439463
'Sébastien Lecornu',fr,Frankreich,#e8e808,#e8e808,3,0.464351310062
'Thorsten Frei',fr,Deutschland,#335599,#335599,2,0.460871259250
'JULIEN MUGUET',fr,Frankreich,#e8e808,#e8e808,3,0.459013546067
'Gabriel Attal',fr,Frankreich,#e8e808,#e8e808,3,0.456843269640
'Michel Barnier',fr,Frankreich,#e8e808,#e8e808,3,0.456764818400
'John Clarke',fr,USA,#18e8e8,#18e8e8,3,0.456207952827
'Boris Vallaud',fr,Frankreich,#e8e808,#e8e808,3,0.455475076842
'Nicolas Maduro',fr,unknown,#111111,#111111,3,0.454273108094
'Mary E. Brunkow',fr,USA,#18e8e8,#18e8e8,3,0.453720094772
'Hailey Bieber',fr,USA,#18e8e8,#18e8e8,2,0.453093851415
'Larry David',fr,unknown,#111111,#111111,2,0.452357208233
'Jeffrey Epstein',fr,USA,#18e8e8,#18e8e8,2,0.451730204716
'Laurent Nuñez',fr,Frankreich,#e8e808,#e8e808,3,0.451539764963
'Richard Robson',fr,Australien,#aa9933,#aa9933,1,0.450946694000
'Zohran Mamdani',fr,USA,#18e8e8,#18e8e8,2,0.449380633374
'Nicolas Sarkozy',fr,Frankreich,#e8e808,#e8e808,3,0.449359088991
'Andrew Cuomo',fr,USA,#18e8e8,#18e8e8,3,0.449197570525
'Sergio Mattarella',fr,Italien,#33dd55,#33dd55,2,0.447946641298
'Karsten Wildberger',fr,Deutschland,#335599,#335599,2,0.447877483614
'Michel Devoret',fr,Frankreich,#e8e808,#e8e808,2,0.447734405841
'Karoline Leavitt',fr,unknown,#111111,#111111,3,0.446817341324
'Stephen Colbert',fr,USA,#18e8e8,#18e8e8,3,0.444815655762
'Bad Bunny',fr,PuertoRico,#18a567,#18a567,1,0.444683249054
'Pierre Farandou',fr,Frankreich,#e8e808,#e8e808,3,0.444066782960
'Maria Corina Machado',fr,Venezuela,#aa3399,#aa3399,3,0.443024318069
'Bruno Retailleau',fr,Frankreich,#e8e808,#e8e808,3,0.441193325982
'Léon XIV',fr,Vatikan,#dd5544,#dd5544,3,0.440509592569
'Boualem Sansal',fr,Algerien,#f43a7f,#f43a7f,3,0.440410348011
'Keir Starmer',fr,unknown,#111111,#111111,2,0.440144647586
'Donald Trump',fr,USA,#18e8e8,#18e8e8,3,0.439918205176
'Abdelmadjid Tebboune',fr,unknown,#111111,#111111,2,0.439185006695
'Marine Le Pen',fr,Frankreich,#e8e808,#e8e808,3,0.438949308023
'Rachida Dati',fr,Frankreich,#e8e808,#e8e808,3,0.438860213576
'président de la République',fr,Frankreich,#e8e808,#e8e808,3,0.436747577088
'François Bayrou',fr,Frankreich,#e8e808,#e8e808,3,0.435928683158
'Fred Ramsdel',fr,USA,#18e8e8,#18e8e8,1,0.435844606955
'Kendrick Lamar',fr,USA,#18e8e8,#18e8e8,1,0.435261738560
'Marco Rubio',fr,USA,#18e8e8,#18e8e8,3,0.435140429373
'Usha Vance',fr,unknown,#111111,#111111,1,0.434924441652
'Charlie Kirk',fr,USA,#18e8e8,#18e8e8,3,0.434658085954
'Pam Bondi',fr,unknown,#111111,#111111,2,0.434480266287
'Gerald Darmanin',fr,Frankreich,#e8e808,#e8e808,2,0.434467599199
'Bezalel Smotrich',fr,Israel,#3311cc,#3311cc,3,0.433975359068
'RFK Jr',fr,USA,#18e8e8,#18e8e8,1,0.433842013072
'Rosa Parks',fr,USA,#18e8e8,#18e8e8,2,0.433543954333
'Andrew Mountbatten-Windsor',fr,unknown,#111111,#111111,1,0.433451712814
'Peter Howitt',fr,USA,#18e8e8,#18e8e8,1,0.433306936263
'Yves Bournazel',fr,Frankreich,#e8e808,#e8e808,2,0.433038650513
'Susumu Kitagawa',fr,Japan,#33aa99,#33aa99,1,0.432776572270
'Joy Reid',fr,unknown,#111111,#111111,1,0.432760259415
'Ian Machado Garry',fr,unknown,#111111,#111111,1,0.432253222026
'Pete Hegseth',fr,USA,#18e8e8,#18e8e8,3,0.432047715745
'Ben Shapiro',fr,unknown,#111111,#111111,1,0.431974036422
'Bill Maher',fr,unknown,#111111,#111111,1,0.431788174780
'Justin Bieber',fr,Kanada,#55ee33,#55ee33,2,0.431485890178
'Kamaru Usman',fr,unknown,#111111,#111111,1,0.431339545692
'Andrew Mountbatten Windsor',fr,unknown,#111111,#111111,1,0.431195094082
'Arman Tsarukyan',fr,unknown,#111111,#111111,1,0.430885991557
'Omar Yaghi',fr,Jordanien,#335588,#335588,2,0.430819754240
'Callum Turner',fr,UK,#e838e8,#e838e8,2,0.430742441075
'Mark Carney',fr,Kanada,#55ee33,#55ee33,3,0.430676866032
'Nawaz Sharif',fr,Pakistan,#bb33ff,#bb33ff,2,0.430631873479
'Bruna Ferreira',fr,unknown,#111111,#111111,2,0.430626612059
'JD Vance',fr,USA,#18e8e8,#18e8e8,2,0.430553931521
'Ciryl Gane',fr,unknown,#111111,#111111,1,0.430433435222
'Robert Kennedy',fr,USA,#18e8e8,#18e8e8,3,0.430353257073
'Benyamin Netanyahou',fr,Israel,#3311cc,#3311cc,2,0.430234863249
'Robert de Niro',fr,USA,#18e8e8,#18e8e8,3,0.429991504132
'Nancy Pelosi',fr,unknown,#111111,#111111,1,0.429824530134
'Yaël Braun-Pivet',fr,Frankreich,#e8e808,#e8e808,3,0.429691390517
'Hillary Clinton',fr,USA,#18e8e8,#18e8e8,3,0.429592450782
'Islam Makhachev',fr,unknown,#111111,#111111,1,0.429584561170
'Jen Psaki',fr,unknown,#111111,#111111,1,0.429555676079
'Belal Muhammad',fr,unknown,#111111,#111111,1,0.429288850765
'Whoopi Goldberg',fr,USA,#18e8e8,#18e8e8,1,0.429119676187
'James Gunn',fr,USA,#18e8e8,#18e8e8,2,0.428913624453
'Prince Philip',fr,unknown,#111111,#111111,1,0.428596754697
'Christian Dürr',fr,Deutschland,#335599,#335599,1,0.428593246867
'Daniel Cormier',fr,unknown,#111111,#111111,1,0.428554483793
'Justin Gaethje',fr,unknown,#111111,#111111,1,0.428501196318
'Francis Ngannou',fr,unknown,#111111,#111111,1,0.428233219510
'Le Pen',fr,Frankreich,#e8e808,#e8e808,3,0.428083179568
'Bruna Caroline Ferreira',fr,unknown,#111111,#111111,2,0.428006351212
'Paul Konerko',fr,USA,#18e8e8,#18e8e8,1,0.427902059977
'Dan Hooker',fr,unknown,#111111,#111111,1,0.427549166499
'Francesca Albanese',fr,Italien,#33dd55,#33dd55,2,0.427463404751
'Sarah Ferguson',fr,unknown,#111111,#111111,1,0.427289916650
'Steve Witkoff',fr,unknown,#111111,#111111,3,0.426398382369
'David Beckham',fr,UK,#e838e8,#e838e8,2,0.426328808091
'László Krasznahorkai',fr,Ungarn,#99aa33,#99aa33,1,0.426324337111
'Itamar Ben-Gvir',fr,Israel,#3311cc,#3311cc,2,0.426276178250
'Paddy Pimblett',fr,unknown,#111111,#111111,1,0.426096236820
'Joe Biden',fr,USA,#18e8e8,#18e8e8,3,0.425852087747
'Tig Notaro',fr,USA,#18e8e8,#18e8e8,1,0.425358127032
'Mary Brunkow',fr,USA,#18e8e8,#18e8e8,1,0.425347780013
'Valentina Shevchenko',fr,unknown,#111111,#111111,1,0.425271915252
'Zack Snyder',fr,USA,#18e8e8,#18e8e8,1,0.425026070982
'Laura Loomer',fr,USA,#18e8e8,#18e8e8,1,0.425000420000
'Volker Wieland',fr,Deutschland,#335599,#335599,1,0.425000000000
'Stefan Kolev',fr,Deutschland,#335599,#335599,1,0.425000000000
'Philipp Aghion',fr,Frankreich,#e8e808,#e8e808,1,0.425000000000
'Munther Amira',fr,Palestina,#ee4488,#ee4488,1,0.425000000000
'Khaled al Serr',fr,Palestina,#ee4488,#ee4488,1,0.425000000000
'Iyad al-Rantisi',fr,Palestina,#ee4488,#ee4488,1,0.425000000000
'Adnan al-Burj',fr,Palestina,#ee4488,#ee4488,1,0.425000000000
'John Martinis',fr,USA,#18e8e8,#18e8e8,1,0.424888280759
'Élisabeth Borne',fr,Frankreich,#e8e808,#e8e808,3,0.424311875173
'Tony Bennett',fr,USA,#18e8e8,#18e8e8,2,0.423854417755
'Sam Altman',fr,USA,#18e8e8,#18e8e8,3,0.423211637518
'Virginia Giuffre',fr,USA,#18e8e8,#18e8e8,1,0.422108881454
'Alexander Dobrindt',fr,Deutschland,#335599,#335599,1,0.422011114581
'Ilia Topuria',fr,unknown,#111111,#111111,1,0.421383988718
'Brad Pitt',fr,USA,#18e8e8,#18e8e8,3,0.421254713532
'Erika Kirk',fr,USA,#18e8e8,#18e8e8,2,0.420390015174
'Katherina Reiche',fr,Deutschland,#335599,#335599,2,0.417351196439
'Barack Obama',fr,USA,#18e8e8,#18e8e8,3,0.416073117778
'Benny Blanco',fr,USA,#18e8e8,#18e8e8,2,0.415845566696
'Guy Ritchie',fr,UK,#e838e8,#e838e8,2,0.415199150832
'Dua Lipa',fr,UK,#e838e8,#e838e8,2,0.414822397504
'Chris Wright',fr,USA,#18e8e8,#18e8e8,2,0.413317892528
'Marine Le Pen',fr,Frankreich,#e8e808,#e8e808,3,0.413082229489
'Kamala Harris',fr,USA,#18e8e8,#18e8e8,3,0.412556976738
'Anne Hathaway',fr,USA,#18e8e8,#18e8e8,1,0.411385949949
'John M. Martinis',fr,USA,#18e8e8,#18e8e8,1,0.411102944000
'Poutine',fr,Russland,#e81818,#e81818,3,0.410180890096
'Bruno Le Maire',fr,Frankreich,#e8e808,#e8e808,3,0.409918577589
'Julia Roberts',fr,USA,#18e8e8,#18e8e8,1,0.409754522170
'Jean-Luc Mélenchon',fr,Frankreich,#e8e808,#e8e808,3,0.408851661660
'Nikki Haley',fr,USA,#18e8e8,#18e8e8,1,0.408667292393
'Stormy Daniels',fr,USA,#18e8e8,#18e8e8,1,0.408604237086
'Lecornu II',fr,Frankreich,#e8e808,#e8e808,1,0.406403638863
'Robert Prevost',fr,Vatikan,#dd5544,#dd5544,2,0.405430065831
'Hans-Werner Sinn',fr,Deutschland,#1818e8,#1818e8,1,0.405414638799
'Greta Thunberg',fr,Schweden,#ddee11,#ddee11,2,0.405171310410
'Laurent Wauquiez',fr,Frankreich,#e8e808,#e8e808,3,0.404738663487
'Joel Mokyr',fr,USA,#18e8e8,#18e8e8,1,0.402971242282
'Edouard Philippe',fr,Frankreich,#e8e808,#e8e808,3,0.402926252873
'Premier ministre',fr,Frankreich,#e8e808,#e8e808,3,0.402751699690
'Olaf Scholz',fr,Deutschland,#1818e8,#1818e8,3,0.402300970200
'James Comey',fr,USA,#18e8e8,#18e8e8,3,0.402128980888
'Éric Ciotti',fr,Frankreich,#e8e808,#e8e808,3,0.400567580085
'Emily Blunt',fr,UK,#e838e8,#e838e8,3,0.400191621811
'Kim Jong Un',fr,NordKorea,#e85858,#e85858,3,0.399411776094
"'Dwayne ""The Rock"" Johnson'",fr,USA,#18e8e8,#18e8e8,2,0.397800998044
'Pedro Sánchez',fr,Spanien,#33aa99,#33aa99,3,0.395934383542
'Sanae Takaichi',fr,Japan,#33aa99,#33aa99,2,0.393980140594
'Lecornu II ',fr,Frankreich,#e8e808,#e8e808,2,0.393526249874
'Sebastien Lecornu',fr,Frankreich,#e8e808,#e8e808,1,0.393437412777
'Mohammad Mustafa',fr,Palestina,#ee4488,#ee4488,2,0.392247018398
'Bernie Sanders',fr,USA,#18e8e8,#18e8e8,1,0.390605511533
'Bärbel Bas',fr,Deutschland,#335599,#335599,1,0.390052427513
'Cristiano Ronaldo',fr,Portugal,#339933,#339933,3,0.388818898181
'Tom Aspinall',fr,UK,#e838e8,#e838e8,1,0.388586259093
'Keith Kellogg',fr,USA,#18e8e8,#18e8e8,2,0.388230512313
'Radical Optimism',fr,unknown,#111111,#111111,1,0.384209541779
'Narendra Modi',fr,Indien,#995533,#995533,3,0.383643254088
'Ron Howard',fr,USA,#18e8e8,#18e8e8,1,0.381890005685
'Javier Milei',fr,Argentinien,#6622bb,#6622bb,3,0.381703510347
'Jake Paul',fr,USA,#18e8e8,#18e8e8,1,0.379627453276
'Henry Samuel',fr,USA,#18e8e8,#18e8e8,2,0.379283430693
'Billie Eilish',fr,USA,#18e8e8,#18e8e8,2,0.379214031779
'Paul Biya',fr,Kamerun,#2266cc,#2266cc,3,0.378915563375
'Benjamin Nethanaju',fr,Israel,#3311cc,#3311cc,1,0.378183378568
'Al Nassr',fr,SaudiArabien,#22bb66,#22bb66,2,0.378163616220
'Michel H. Devoret',fr,USA,#18e8e8,#18e8e8,1,0.376536656136
'Valérie Hayer',fr,Frankreich,#e8e808,#e8e808,1,0.376343893204
'Eric Ciotti',fr,Frankreich,#e8e808,#e8e808,3,0.376252016044
'George Miller',fr,Australien,#aa9933,#aa9933,2,0.376093231959
'Nancy Mace',fr,unknown,#111111,#111111,2,0.374976925038
'Chad Frischmann',fr,USA,#18e8e8,#18e8e8,1,0.374616250000
'Christian Lindner',fr,Deutschland,#1818e8,#1818e8,3,0.372181692859
'Chuck Schumer',fr,USA,#18e8e8,#18e8e8,1,0.371713023031
'William Friedkin',fr,USA,#18e8e8,#18e8e8,2,0.369946252027
'Kara Hurst',fr,USA,#18e8e8,#18e8e8,1,0.368475000000
'Gervonta Davis',fr,USA,#18e8e8,#18e8e8,1,0.368458726253
'Victoria Beckham',fr,UK,#e838e8,#e838e8,1,0.368275491746
'Shimon Sakaguchi',fr,Japan,#33aa99,#33aa99,1,0.368221925409
'Duke Henri',fr,Luxemburg,#55dd33,#55dd33,1,0.368187357295
'Jimmy Kimmel',fr,USA,#18e8e8,#18e8e8,2,0.367615665884
'Jennifer Garner',fr,USA,#18e8e8,#18e8e8,2,0.367533489993
'Olivia Nuzzi',fr,USA,#18e8e8,#18e8e8,1,0.367079183712
'Jon Jones',fr,USA,#18e8e8,#18e8e8,1,0.366930863077
'Sarah Stier',fr,unknown,#111111,#111111,1,0.366300418412
'Nicola Peltz',fr,USA,#18e8e8,#18e8e8,1,0.365934249802
'Brooklyn Beckham',fr,UK,#e838e8,#e838e8,2,0.365914573202
'Cheryl Hines',fr,USA,#18e8e8,#18e8e8,1,0.365736904856
'Alois Rainer',fr,Deutschland,#335599,#335599,1,0.365704405000
'Taylor Swift',fr,USA,#18e8e8,#18e8e8,2,0.365508157033
'Carsten Schneider',fr,Deutschland,#335599,#335599,1,0.365404395049
'Patrick Schnieder',fr,Deutschland,#335599,#335599,1,0.365404375000
'Gwede Mantashe',fr,Südafrika,#ee4411,#ee4411,1,0.365404375000
'Dorothee Bär',fr,Deutschland,#335599,#335599,1,0.365404375000
'Christiane Schenderlein',fr,Deutschland,#335599,#335599,1,0.365404375000
'Anant Ambani',fr,Indien,#995533,#995533,1,0.365087340868
'Helene Fischer',fr,unknown,#111111,#111111,1,0.364932310634
'Sherri Shepherd',fr,USA,#18e8e8,#18e8e8,1,0.364547183443
'Alexander De Croo',fr,Belgien,#2266bb,#2266bb,3,0.363839286260
'Lil Yachty',fr,USA,#18e8e8,#18e8e8,1,0.363830425113
'Eddie Hearn',fr,UK,#e838e8,#e838e8,1,0.363735105123
'Shavkat Rakhmonov',fr,unknown,#111111,#111111,1,0.363145282841
'Jack Della Maddalena',fr,unknown,#111111,#111111,1,0.362991420606
'Suleika Jaouad',fr,USA,#18e8e8,#18e8e8,1,0.362871379895
'Omar M. Yaghi',fr,USA,#18e8e8,#18e8e8,1,0.362652655250
'Curtis Yarvin',fr,USA,#18e8e8,#18e8e8,1,0.362101087888
'Karol G',fr,Kolumbien,#dd5533,#dd5533,1,0.361888744282
'George Santos',fr,USA,#18e8e8,#18e8e8,2,0.361764971186
'Veronika Grimm',fr,Deutschland,#335599,#335599,1,0.361250000000
'Justus Haucap',fr,Deutschland,#335599,#335599,1,0.361250000000
'LeBron James',fr,USA,#18e8e8,#18e8e8,2,0.360570501986
'Charles III',fr,UK,#e838e8,#e838e8,3,0.360550088000
'Abraham Lincoln',fr,USA,#18e8e8,#18e8e8,1,0.360380811796
'Dwayne Johnson',fr,USA,#18e8e8,#18e8e8,1,0.359683868229
'Ehud Olmert',fr,Israel,#3311cc,#3311cc,1,0.359169824603
'Sean Hannity',fr,USA,#18e8e8,#18e8e8,1,0.359050741497
'Jeanne du Barry',fr,Frankreich,#e8e808,#e8e808,2,0.358805348251
'Emma Stone',fr,USA,#18e8e8,#18e8e8,1,0.358709971492
'Lana Del Rey',fr,USA,#18e8e8,#18e8e8,1,0.358138244383
'Olivia Rodrigo',fr,USA,#18e8e8,#18e8e8,2,0.356980780559
'Dana White',fr,USA,#18e8e8,#18e8e8,1,0.356671929500
'Stefanie Hubig',fr,Deutschland,#335599,#335599,1,0.356643147602
'David Cameron',fr,UK,#e838e8,#e838e8,2,0.356422680523
'Leo XIV',fr,Vatikan,#dd5544,#dd5544,1,0.355379973169
'Stefan Aust',fr,Deutschland,#1818e8,#1818e8,1,0.355049533050
'Jordan Bardella',fr,Frankreich,#e8e808,#e8e808,3,0.354835029890
'Chris Hemsworth',fr,Australien,#aa9933,#aa9933,1,0.354039349134
'Cruz Beckham',fr,Spanien,#33aa99,#33aa99,1,0.354013561220
'Joe Jonas',fr,USA,#18e8e8,#18e8e8,2,0.353613284317
'Ayatollah Khomeini',fr,Iran,#1144ee,#1144ee,1,0.353419246902
'Lara Trump',fr,USA,#18e8e8,#18e8e8,1,0.353191114947
'Vivek Ramaswamy',fr,USA,#18e8e8,#18e8e8,2,0.352384338715
'Marjorie Taylor Greene',fr,USA,#18e8e8,#18e8e8,1,0.351080150559
'David Weiss',fr,Deutschland,#1818e8,#1818e8,2,0.350691424977
'Roger Corman',fr,USA,#18e8e8,#18e8e8,2,0.350473882120
'Karim Benzema',fr,Frankreich,#e8e808,#e8e808,3,0.350095320951
'Kevin McCarthy',fr,USA,#18e8e8,#18e8e8,2,0.350038302294
'Mahmud Abbas',fr,Palestina,#ee4488,#ee4488,1,0.349744187500
'Pape Leo',fr,USA,#18e8e8,#18e8e8,1,0.349529629964
'Sophia Chikirou',fr,Frankreich,#e8e808,#e8e808,2,0.349421964373
'Jennifer Lopez',fr,USA,#18e8e8,#18e8e8,1,0.349198551707
'Castel Gandolfo',fr,Vatikan,#dd5544,#dd5544,1,0.349118148779
'Aubrey Plaza',fr,USA,#18e8e8,#18e8e8,1,0.349105150271
'Mindy Kaling',fr,USA,#18e8e8,#18e8e8,1,0.349084638957
'Gérard Larcher',fr,Frankreich,#e8e808,#e8e808,2,0.348767387982
'Alex Jones',fr,USA,#18e8e8,#18e8e8,1,0.348594402270
'Bill Clinton',fr,USA,#18e8e8,#18e8e8,2,0.348314374480
'James Biden',fr,USA,#18e8e8,#18e8e8,1,0.347942878043
'prince Harry',fr,UK,#e838e8,#e838e8,2,0.347243686381
'Ron Johnson',fr,USA,#18e8e8,#18e8e8,1,0.346868482424
'Jack Smith',fr,USA,#18e8e8,#18e8e8,2,0.346717275903
'Greg Abbott',fr,USA,#18e8e8,#18e8e8,1,0.346074933839
'Johann Wadephul',fr,Deutschland,#335599,#335599,1,0.346028311124
'Lachlan Murdoch',fr,UK,#e838e8,#e838e8,1,0.345718116041
'Demi Moore',fr,USA,#18e8e8,#18e8e8,1,0.345631853856
'François Braun',fr,Frankreich,#e8e808,#e8e808,3,0.345467275335
'Justin Timberlake',fr,USA,#18e8e8,#18e8e8,2,0.345374834729
'Sophie Turner',fr,UK,#e838e8,#e838e8,2,0.343925232039
'Richard Ferrand',fr,Frankreich,#e8e808,#e8e808,1,0.343925006177
'Vo Van Thuong',fr,Vietnam,#117644,#117644,1,0.343470111841
'Greg Brockman',fr,USA,#18e8e8,#18e8e8,1,0.343422121839
'Charlize Theron',fr,Südafrika,#ee4411,#ee4411,1,0.341717538554
'Sabrina Carpenter',fr,USA,#18e8e8,#18e8e8,1,0.341480842451
'Steven Spielberg',fr,USA,#18e8e8,#18e8e8,3,0.341127505629
'Gavin Newsom',fr,USA,#18e8e8,#18e8e8,2,0.341023691005
'Margaret Thatcher',fr,UK,#e838e8,#e838e8,2,0.340914469394
'Lady Gaga',fr,USA,#18e8e8,#18e8e8,1,0.340731118422
'Paris Hilton',fr,USA,#18e8e8,#18e8e8,1,0.339847538335
'Bruce Springsteen',fr,USA,#18e8e8,#18e8e8,1,0.339142297512
'Julia Louis-Dreyfus',fr,USA,#18e8e8,#18e8e8,1,0.339007543002
'Ferdinand Dudenhöffer',fr,Deutschland,#1818e8,#1818e8,1,0.338544603119
'nan Si',fr,unknown,#111111,#111111,1,0.338439211509
'Travis Kelce',fr,USA,#18e8e8,#18e8e8,2,0.338392547442
'Jean Jouzel',fr,Frankreich,#e8e808,#e8e808,1,0.338294924938
'Robin Wall Kimmerer',fr,USA,#18e8e8,#18e8e8,1,0.338046277750
'Cem Özdemir',fr,Deutschland,#1818e8,#1818e8,2,0.337891482838
'Eric Adams',fr,USA,#18e8e8,#18e8e8,2,0.337749361230
'Mark Cuban',fr,USA,#18e8e8,#18e8e8,2,0.337739659438
'Lewis Kaplan',fr,USA,#18e8e8,#18e8e8,2,0.337356182623
'Jean-Denis Combrexelle',fr,Frankreich,#e8e808,#e8e808,1,0.337260877638
'Lady Di',fr,UK,#e838e8,#e838e8,1,0.337047602231
'Ayo Edebiri',fr,USA,#18e8e8,#18e8e8,1,0.337019660563
'Britney Spears',fr,USA,#18e8e8,#18e8e8,2,0.336762545333
'Ron DeSantis',fr,USA,#18e8e8,#18e8e8,3,0.335952659678
'Markus Lanz',fr,Deutschland,#1818e8,#1818e8,1,0.335897419045
'Sam H',fr,unknown,#111111,#111111,2,0.335716503982
'Lula da Silva',fr,Brasilien,#58e838,#58e848,2,0.335608084458
'Robert Francis Prevost',fr,USA,#18e8e8,#18e8e8,1,0.335550554908
'nan nan',fr,unknown,#dddddd,#dddddd,1,0.335411768553
'Gigi Hadid',fr,USA,#18e8e8,#18e8e8,1,0.334464210080
'Aurélien Rousseau',fr,Frankreich,#e8e808,#e8e808,1,0.334305013868
'Helmut Kohl',fr,Deutschland,#1818e8,#1818e8,1,0.334236744520
'Olivier Dussopt',fr,Frankreich,#e8e808,#e8e808,2,0.334028228943
'Willem Dafoe',fr,USA,#18e8e8,#18e8e8,1,0.333452193872
'Ainsley Earhardt',fr,USA,#18e8e8,#18e8e8,1,0.333173990747
'Clément Beaune',fr,Frankreich,#e8e808,#e8e808,2,0.332996456566
'Matteo Salvini',fr,Italien,#33dd55,#33dd55,2,0.332453296676
'Gisele Bündchen',fr,Brasilien,#58e838,#58e838,1,0.332433752749
'Barry Keoghan',fr,Irland,#4488cc,#4488cc,2,0.332386876959
'Pedro Pascal',fr,Chile,#11fe4211,#11fe4211,2,0.332000042185
'Bronny James',fr,USA,#18e8e8,#18e8e8,2,0.331677759062
'Mike Johnson',fr,USA,#18e8e8,#18e8e8,2,0.331276420836
'Benny Safdie',fr,USA,#18e8e8,#18e8e8,1,0.331175149671
'Nathalie Emmanuel',fr,UK,#e838e8,#e838e8,2,0.331128240213
'Mick Jagger',fr,UK,#e838e8,#e838e8,1,0.331041609624
'Indiana Jones',fr,USA,#18e8e8,#18e8e8,2,0.330983367684
'Maria Bartiromo',fr,USA,#18e8e8,#18e8e8,1,0.330980983348
'Ana Navarro',fr,Nicaragua,#5611e5,#5611e5,2,0.330507759653
'Tom Brady',fr,USA,#18e8e8,#18e8e8,1,0.330488961710
'Xi Jinping',fr,China,#e88818,#e88818,3,0.330382823696
'Jesse Watters',fr,USA,#18e8e8,#18e8e8,1,0.330336080337
'Robert De Niro',fr,USA,#18e8e8,#18e8e8,1,0.330253466333
'Robert Badinter',fr,Frankreich,#e8e808,#e8e808,1,0.329945436401
'Rupert Murdoch',fr,USA,#18e8e8,#18e8e8,1,0.329931110852
'Robert Oppenheimer',fr,USA,#18e8e8,#18e8e8,1,0.329527373526
'Chris Christie',fr,USA,#18e8e8,#18e8e8,1,0.329516263013
'Recep Tayyip Erdoan',fr,Türkei,#66bb22,#66bb22,2,0.329300123303
'Lionel Messi',fr,Argentinien,#6622bb,#6622bb,2,0.329170633067
'Lauren Boebert',fr,USA,#18e8e8,#18e8e8,1,0.329082935042
'Putin',fr,Russland,#e81818,#e81818,2,0.328897308196
'Selenski',fr,Ukraine,#e818e8,#e818e8,3,0.328768896842
'Ines de Ramon',fr,USA,#18e8e8,#18e8e8,1,0.328620707714
'Charlie Munger',fr,USA,#18e8e8,#18e8e8,1,0.328410374343
'Melania Trump',fr,Slowenien,#e5237d,#e5237d,1,0.328374339414
'Laurent Berger',fr,Frankreich,#e8e808,#e8e808,1,0.328318169231
'Camille Cottin',fr,Frankreich,#e8e808,#e8e808,1,0.328016220455
'Yorgos Lanthimos',fr,Griechenland,#1858e8,#1858e8,1,0.327807341612
'Bradley Cooper',fr,USA,#18e8e8,#18e8e8,1,0.327722176584
'Elisabeth Borne',fr,Frankreich,#e8e808,#e8e808,1,0.327173389506
'Alexander Smirnov',fr,Israel,#3311cc,#3311cc,1,0.326808323006
'Billy Crystal',fr,USA,#18e8e8,#18e8e8,1,0.326512045275
'Jerry Seinfeld',fr,USA,#18e8e8,#18e8e8,2,0.326412631438
'Bill Belichick',fr,USA,#18e8e8,#18e8e8,1,0.326301033855
'Tim Cook',fr,USA,#18e8e8,#18e8e8,3,0.325778466156
'Geoffrey Hinton',fr,UK,#e838e8,#e838e8,3,0.325515172522
'Ryan Gosling',fr,Kanada,#55ee33,#55ee33,1,0.325490744169
'James Cameron',fr,USA,#18e8e8,#18e8e8,2,0.325434058213
'Aaron Rodgers',fr,USA,#18e8e8,#18e8e8,1,0.325317837967
'James Comer',fr,USA,#18e8e8,#18e8e8,1,0.325256045347
'Miley Cyrus',fr,USA,#18e8e8,#18e8e8,1,0.325240437149
'Hunter Biden',fr,USA,#18e8e8,#18e8e8,1,0.325216085457
'Francis Ford Coppola',fr,USA,#18e8e8,#18e8e8,1,0.325199096927
'Ben Wallace',fr,USA,#18e8e8,#18e8e8,1,0.325126701091
'Ben Affleck',fr,USA,#18e8e8,#18e8e8,1,0.324901695950
'Harrison Ford',fr,USA,#18e8e8,#18e8e8,1,0.323854374579
'Sam Bankman-Fried',fr,USA,#18e8e8,#18e8e8,1,0.323721363813
'Lionel Richie',fr,USA,#18e8e8,#18e8e8,2,0.323374070355
'Lauren Sanchez',fr,USA,#18e8e8,#18e8e8,1,0.323224594648
'Mohammed Bin Salman',fr,SaudiArabien,#22bb66,#22bb66,1,0.322733071857
'Paul-Henry Nargeolet',fr,Frankreich,#e8e808,#e8e808,1,0.322587885875
'Kim Kardashian',fr,USA,#18e8e8,#18e8e8,2,0.322547572665
'Sam Asghari',fr,Iran,#1144ee,#1144ee,1,0.322114972836
'Cara Delevingne',fr,UK,#e838e8,#e838e8,1,0.321870981082
'Jeff Ross',fr,USA,#18e8e8,#18e8e8,1,0.321730746221
'Recep Tayyip Erdogan',fr,Türkei,#66bb22,#66bb22,3,0.321684063222
'Friederike Otto',fr,Deutschland,#1818e8,#1818e8,1,0.321526066444
'Omar Sy',fr,Frankreich,#e8e808,#e8e808,1,0.321096750314
'Steve Jobs',fr,USA,#18e8e8,#18e8e8,2,0.321013605664
'Carey Mulligan',fr,UK,#e838e8,#e838e8,1,0.320423043827
'Robert Menendez',fr,USA,#18e8e8,#18e8e8,1,0.320256326844
'Sergei Shoigu',fr,Russland,#e81818,#e81818,1,0.319742931699
'Howard Stern',fr,USA,#18e8e8,#18e8e8,1,0.319475949729
'Yannick Morez',fr,Frankreich,#e8e808,#e8e808,2,0.319469788084
'Chris Hipkins',fr,Neuseeland,#1818e8,#1818e8,1,0.319423762646
'George Simion',fr,Rumänien,#3355bb,#3355bb,1,0.319325413273
'Al Pacino',fr,USA,#18e8e8,#18e8e8,1,0.319310249051
'Pap Ndiaye',fr,Frankreich,#e8e808,#e8e808,1,0.319225063985
'Jimmy Carter',fr,USA,#18e8e8,#18e8e8,1,0.319052443113
'Ottmar Edenhofer',fr,Deutschland,#1818e8,#1818e8,1,0.318423812500
'Maja Göpel',fr,Deutschland,#1818e8,#1818e8,1,0.318423812500
'Lea Bonasera',fr,Deutschland,#1818e8,#1818e8,1,0.318423812500
'Hilda Nakabuye',fr,Uganda,#4411ee,#4411ee,1,0.318423812500
'Christian Kroll',fr,Deutschland,#1818e8,#1818e8,1,0.318423812500
'Andrei Sacharow',fr,Russland,#e81818,#e81818,1,0.318423812500
'Irina Shayk',fr,Russland,#e81818,#e81818,1,0.318200571534
'Pablo Picasso',fr,Spanien,#33aa99,#33aa99,2,0.318182046112
'Jared Kushner',fr,unknown,#111111,#111111,1,0.317954980499
'Aurélien Pradié',fr,Frankreich,#e8e808,#e8e808,1,0.317402333768
'Axel Springer',fr,Deutschland,#1818e8,#1818e8,2,0.317133188997
'Kate Hudson',fr,USA,#18e8e8,#18e8e8,1,0.317104820415
'Tasneem Essop',fr,Südafrika,#ee4411,#ee4411,1,0.316797335311
'Matt Gaetz',fr,USA,#18e8e8,#18e8e8,1,0.316399234899
'Kamilla Cardoso',fr,Brasilien,#58e838,#58e838,1,0.316074211806
'Maya Rudolph',fr,USA,#18e8e8,#18e8e8,1,0.316067632073
'Andrew Tate',fr,USA,#18e8e8,#18e8e8,2,0.315783238111
'Lawrence Jones',fr,USA,#18e8e8,#18e8e8,1,0.315379065385
'Christopher Nolan',fr,USA,#18e8e8,#18e8e8,1,0.315193804044
'Camille Etienne',fr,Frankreich,#e8e808,#e8e808,2,0.314570223459
'Christian Günther',fr,Deutschland,#1818e8,#1818e8,1,0.314442217584
'Drena De Niro',fr,USA,#18e8e8,#18e8e8,1,0.314372433849
'Luc Terlinden',fr,Belgien,#2266bb,#2266bb,1,0.314233748835
'Stockton Rush',fr,USA,#18e8e8,#18e8e8,1,0.313923650584
'Robin Roberts',fr,USA,#18e8e8,#18e8e8,1,0.313278569349
'Vinod Khosla',fr,Indien,#995533,#995533,1,0.313203750000
'Ulrike Hermann',fr,Deutschland,#1818e8,#1818e8,1,0.313203750000
'Tulsin Gabbard',fr,USA,#18e8e8,#18e8e8,1,0.313203750000
'Ralf Dieter',fr,Deutschland,#1818e8,#1818e8,1,0.313203750000
'Melanie Guttmann',fr,Deutschland,#1818e8,#1818e8,1,0.313203750000
'Maria Sacharowa',fr,Russland,#e81818,#e81818,1,0.313203750000
'Henning Jeschke',fr,Deutschland,#1818e8,#1818e8,1,0.313203750000
'Chris Luxon',fr,Neuseeland,#1818e8,#1818e8,1,0.313203750000
'Brian Kozlowski',fr,USA,#18e8e8,#18e8e8,1,0.313203750000
'Missy Elliott',fr,USA,#18e8e8,#18e8e8,1,0.313194904919
'David Koch',fr,USA,#18e8e8,#18e8e8,1,0.313006346914
'Peyton Manning',fr,USA,#18e8e8,#18e8e8,1,0.312961156557
'Jessy Wellmer',fr,Deutschland,#1818e8,#1818e8,1,0.312959702289
'Jonathan Roumie',fr,USA,#18e8e8,#18e8e8,1,0.312706209467
'Hubert Aiwanger',fr,Deutschland,#1818e8,#1818e8,1,0.312098101785
'America Ferrera',fr,USA,#18e8e8,#18e8e8,1,0.312095370931
'Martha MacCallum',fr,USA,#18e8e8,#18e8e8,1,0.311750906346
'Tony Bobulinski',fr,USA,#18e8e8,#18e8e8,1,0.311724869057
'Cameron Brink',fr,USA,#18e8e8,#18e8e8,1,0.311652105072
'Chris Kirkpatrick',fr,USA,#18e8e8,#18e8e8,1,0.311607424855
'Boris Johnson',fr,UK,#e838e8,#e838e8,1,0.311563325719
'Kim Mulkey',fr,USA,#18e8e8,#18e8e8,1,0.311506746778
'Sunny Hostin',fr,USA,#18e8e8,#18e8e8,1,0.311309982180
'Matt Lauer',fr,USA,#18e8e8,#18e8e8,1,0.311278314418
'Bill Geddie',fr,USA,#18e8e8,#18e8e8,1,0.311226670796
'Margot Robbie',fr,unknown,#111111,#111111,1,0.311221734834
'Sara Haines',fr,unknown,#111111,#111111,1,0.311168825655
'Dawn Staley',fr,unknown,#111111,#111111,1,0.311135318315
'Jean-Jacques Rousseau',fr,Schweiz,#33bbff,#33bbff,1,0.311094206957
'Elizabeth Warren',fr,unknown,#111111,#111111,1,0.310931382286
'Hazel Monét',fr,unknown,#111111,#111111,1,0.310892054985
'Nina Warken',fr,Deutschland,#335599,#335599,1,0.310871246500
'Reem Alabali-Radovan',fr,Deutschland,#335599,#335599,1,0.310848761292
'Bret Baier',fr,unknown,#111111,#111111,1,0.310803327457
'Wolfram Weimer',fr,Deutschland,#335599,#335599,1,0.310794247549
'Tim Malone',fr,unknown,#111111,#111111,1,0.310736134667
'Leandro De Niro-Rodriguez',fr,unknown,#111111,#111111,1,0.310710584970
'Tina Turner',fr,USA,#18e8e8,#18e8e8,1,0.310655597937
'Steffen Kotre',fr,Deutschland,#335599,#335599,1,0.310593718750
'Karin Prien',fr,Deutschland,#335599,#335599,1,0.310593718750
'Roger Federer',fr,unknown,#111111,#111111,3,0.310516458266
'Laura Maria Rypa',fr,unknown,#111111,#111111,1,0.310433524542
'Steve Wozniak',fr,USA,#18e8e8,#18e8e8,1,0.310313490800
'Charles Barkley',fr,unknown,#111111,#111111,1,0.310272524743
'Chris Stapleton',fr,unknown,#111111,#111111,1,0.310220116176
'Kristen Wiig',fr,unknown,#111111,#111111,1,0.310075236226
'Wagner-Chef Prigoschin',fr,unknown,#111111,#111111,1,0.309906050805
'Mo Lewis',fr,unknown,#111111,#111111,1,0.309578168797
'Henry Ford',fr,USA,#18e8e8,#18e8e8,2,0.309550904409
'Berkshire Hathaway',fr,USA,#18e8e8,#18e8e8,1,0.309463895791
'Eliot Wolf',fr,unknown,#111111,#111111,1,0.309427733262
'Selena Gomez',fr,unknown,#111111,#111111,2,0.309367638711
'Robert Downey Jr',fr,unknown,#111111,#111111,2,0.309359181155
'Eric Trump',fr,unknown,#111111,#111111,3,0.309338634588
'Evgueni Prigojine',fr,Russland,#e81818,#e81818,1,0.309232936393
'Drew Bledsoe',fr,unknown,#111111,#111111,1,0.309217158069
'Linda Yaccarino',fr,USA,#18e8e8,#18e8e8,2,0.309000383010
'Victoria Monét',fr,unknown,#111111,#111111,1,0.308965552614
'Cassidy Hutchinson',fr,unknown,#111111,#111111,1,0.308904662540
'Jack Antonoff',fr,unknown,#111111,#111111,1,0.308827472591
'Tom Kaulitz',fr,unknown,#111111,#111111,1,0.308676808992
'Pete Davidson',fr,USA,#18e8e8,#18e8e8,1,0.308643624735
'King Charles',fr,UK,#e838e8,#e838e8,2,0.308586553706
'Julian Edelman',fr,unknown,#111111,#111111,1,0.308398878303
'Martin Luther King',fr,USA,#18e8e8,#18e8e8,2,0.308363441997
'Angelina Jolie',fr,unknown,#111111,#111111,1,0.308289657471
'Alyssa Farah Griffin',fr,unknown,#111111,#111111,1,0.308117388217
'Salvador Dali',fr,Spanien,#33aa99,#33aa99,1,0.308090113587
'Fabien Roussel',fr,unknown,#111111,#111111,1,0.308048619344
'Hailey Van Lith',fr,unknown,#111111,#111111,1,0.307819210408
'Matt Winkelmeyer',fr,unknown,#111111,#111111,1,0.307645118435
'Olivier Marleix',fr,Frankreich,#e8e808,#e8e808,2,0.307528291175
'Drake Maye',fr,unknown,#111111,#111111,1,0.307462169110
'Thomas Bayes',fr,UK,#e838e8,#e838e8,1,0.307362530000
'Mareike Fallwickl',fr,Oesterreich,#5522dd,#5522dd,1,0.307229490406
'Hugh Grant',fr,unknown,#111111,#111111,1,0.307229026268
'Kim Yo Jong',fr,NordKorea,#111111,#111111,1,0.307062619212
'Chelsea Handler',fr,USA,#18e8e8,#18e8e8,1,0.307062521675
'Uwe Neumärker',fr,Deutschland,#1818e8,#1818e8,1,0.307062500000
'Sergej Surowikin',fr,Russland,#e81818,#e81818,1,0.307062500000
'Sergei Surovikin',fr,Russland,#e81818,#e81818,1,0.307062500000
'Reinhard Marx',fr,Deutschland,#1818e8,#1818e8,1,0.307062500000
'Pedro Sánchez Pérez-Castejón',fr,Spanien,#33aa99,#33aa99,1,0.307062500000
'Moon Hyung-jin',fr,USA,#18e8e8,#18e8e8,1,0.307062500000
'Markus Wipperfürth',fr,Deutschland,#1818e8,#1818e8,1,0.307062500000
'Gilbert Plass',fr,Kanada,#55ee33,#55ee33,1,0.307062500000
'Franca Lehfeldt',fr,Deutschland,#1818e8,#1818e8,1,0.307062500000
'Caren Miosga',fr,Deutschland,#1818e8,#1818e8,1,0.307062500000
'Barbara Schöneberger',fr,Deutschland,#1818e8,#1818e8,1,0.307062500000
'Pierre-Yves Dermagne',fr,Belgien,#2266bb,#2266bb,2,0.306584252816
'Kemal Kiliçdaroglu',fr,Türkei,#66bb22,#66bb22,3,0.305737039580
'Meryl Streep',fr,unknown,#111111,#111111,1,0.305713874634
'Dieter Bohlen',fr,Deutschland,#1818e8,#1818e8,1,0.305105974065
'Ted Cruz',fr,USA,#18e8e8,#18e8e8,1,0.304978492436
'Fani Willis',fr,unknown,#111111,#111111,1,0.304953929442
'Meg Bellamy',fr,UK,#e838e8,#e838e8,2,0.304574736796
'Marguerite Cazeneuve',fr,unknown,#111111,#111111,1,0.304348799605
'Yoon Suk Yeol',fr,SüdKorea,#bbff33,#bbff33,2,0.303986379820
'Adam Driver',fr,unknown,#111111,#111111,1,0.303941950084
'Tamim Hamad Thani',fr,Katar,#33ffbb,#33ffbb,2,0.303883390906
'Peregrine Pearson',fr,unknown,#111111,#111111,1,0.303458232404
'Devon Archer',fr,unknown,#111111,#111111,1,0.303370293956
'Theodor Herzl',fr,Ungarn,#111111,#111111,2,0.303310354683
'Greta Gerwig',fr,unknown,#111111,#111111,1,0.303301698836
'George Clooney',fr,USA,#18e8e8,#18e8e8,1,0.303115526582
'Ramsan Kadyrow',fr,Russland,#e81818,#e81818,1,0.303089605506
'Leonardo da Vinci',fr,Italien,#33dd55,#33dd55,2,0.303088773963
'Gayle King',fr,unknown,#111111,#111111,1,0.303065859864
'Jill Biden',fr,USA,#18e8e8,#18e8e8,1,0.302930582451
'Ronna McDaniel',fr,unknown,#111111,#111111,1,0.302846236792
'Prince Charles',fr,UK,#e838e8,#e838e8,2,0.302499823630
'Jane Fonda',fr,unknown,#111111,#111111,1,0.302451143355
'Sandy Hook',fr,unknown,#111111,#111111,1,0.302363630788
'António Guterres',fr,unknown,#111111,#111111,1,0.302060985386
'Jassir Arafat',fr,Palestina,#ee4488,#ee4488,1,0.301719612500
'Joe Alwyn',fr,unknown,#111111,#111111,1,0.301196052426
'Jon Hamm',fr,unknown,#111111,#111111,1,0.301113422371
'Pape François',fr,Vatikan,#58b8e8,#58b8e8,3,0.300578144832
'Leon Botstein',fr,USA,#18e8e8,#18e8e8,1,0.300324030479
'George Bush',fr,USA,#18e8e8,#18e8e8,1,0.300140855634
'Konrad Adenauer',fr,Deutschland,#1818e8,#1818e8,1,0.300058768253
'Lyna Khoudri',fr,unknown,#111111,#111111,1,0.299936411269
'Königsgemahlin Camilla',fr,UK,#e838e8,#e838e8,1,0.299881195607
'Anya Taylor-Joy',fr,unknown,#111111,#111111,1,0.299849678110
'Mark Meadows',fr,unknown,#111111,#111111,1,0.299771492972
'Bernard Arnault',fr,Frankreich,#e8e808,#e8e808,2,0.299423709414
'Sergio Massa',fr,unknown,#111111,#111111,1,0.299050082381
'Kai Wegner',fr,Deutschland,#1818e8,#1818e8,1,0.298836378921
'Nicusor Dan',fr,unknown,#111111,#111111,1,0.298738663080
'Jason Kelce',fr,unknown,#111111,#111111,1,0.298647760731
'Winston Churchill',fr,UK,#e838e8,#e838e8,2,0.298487363341
'Papst Franziskus',fr,Vatikan,#58b8e8,#58b8e8,1,0.298375427752
'Hamish Harding',fr,UK,#e838e8,#e838e8,2,0.298296727383
'Demeke Mekonnen',fr,unknown,#111111,#111111,1,0.298170774121
'Wolfgang Benz',fr,Deutschland,#1818e8,#1818e8,2,0.297493559709
'Carter Reum',fr,unknown,#111111,#111111,1,0.297417373794
'Tim Müller',fr,Deutschland,#1818e8,#1818e8,1,0.297150284362
'Katy Perry',fr,USA,#18e8e8,#18e8e8,1,0.297096616852
'Kevin Hart',fr,unknown,#111111,#111111,1,0.297018620230
'Sultan al-Jaber',fr,VAE,#ff33bb,#ff33bb,2,0.296990320647
'Amber Heard',fr,USA,#18e8e8,#18e8e8,1,0.296729459817
'Prinz Heinrich XIII',fr,Deutschland,#1818e8,#1818e8,1,0.296482564954
'Tim Scott',fr,USA,#18e8e8,#18e8e8,1,0.296260332283
'Daniel Penny',fr,USA,#18e8e8,#18e8e8,1,0.296236988518
'Hendrik Wüst',fr,Deutschland,#1818e8,#1818e8,1,0.295774735074
'Patrick Pouyanné',fr,Frankreich,#e8e808,#e8e808,2,0.295654776986
'Nina Gummich',fr,Deutschland,#1818e8,#1818e8,1,0.295579277560
'Patrick Graichen',fr,Deutschland,#1818e8,#1818e8,1,0.295270705300
'Billy Graham',fr,USA,#18e8e8,#18e8e8,1,0.295155464364
'Jamie Dimon',fr,USA,#18e8e8,#18e8e8,1,0.294977716361
'Jean Carroll',fr,USA,#18e8e8,#18e8e8,1,0.294868767741
'Henry Kissinger',fr,USA,#18e8e8,#18e8e8,1,0.294750491882
'William Shakespeare',fr,UK,#e838e8,#e838e8,2,0.294437835001
'Margaret Qualley',fr,unknown,#111111,#111111,1,0.293535713484
'Kanye West',fr,USA,#18e8e8,#18e8e8,2,0.293078243907
'Norbert Röttgen',fr,Deutschland,#1818e8,#1818e8,2,0.292935119834
'Dmitri Medwedew',fr,Russland,#e81818,#e81818,1,0.292875965569
'Juliette Binoche',fr,unknown,#111111,#111111,1,0.292768226365
'Marlène Schiappa',fr,unknown,#111111,#111111,1,0.292718918683
'Marie Trintignant',fr,unknown,#111111,#111111,2,0.292478376088
'Kemal Kılıçdaroğlu',fr,Türkei,#66bb22,#66bb22,1,0.291985758886
'Verena Hubertz',fr,Deutschland,#335599,#335599,1,0.291196798047
'Colin Farrell',fr,unknown,#111111,#111111,2,0.291133517764
'Erich Honecker',fr,Deutschland,#1818e8,#1818e8,1,0.290665722305
'Antonio Brown',fr,USA,#18e8e8,#18e8e8,1,0.290587255810
'Heidi Klum',fr,unknown,#111111,#111111,1,0.290506025371
'Vincent Van Quickenborne',fr,unknown,#111111,#111111,1,0.289701515568
'Johan Rockström',fr,unknown,#111111,#111111,1,0.289423053649
'Geert Wilders',fr,Niederlande,#ffbb33,#ffbb33,2,0.289358729310
'Willie Nelson',fr,unknown,#111111,#111111,1,0.288606420686
'Leonardo DiCaprio',fr,USA,#18e8e8,#18e8e8,2,0.288576488011
'Jordan Neely',fr,USA,#18e8e8,#18e8e8,1,0.288357151933
'Steve Scalise',fr,unknown,#111111,#111111,1,0.288188661440
'Mary Robinson',fr,Irland,#4488cc,#4488cc,1,0.287838761522
'Leni Klum',fr,unknown,#111111,#111111,1,0.287486228025
'Elizabeth Mpofu',fr,unknown,#111111,#111111,1,0.287253452500
'Prinzessin Diana',fr,UK,#e838e8,#e838e8,1,0.287163689337
'Steven Donziger',fr,USA,#18e8e8,#18e8e8,1,0.287103437500
'Sophia Kianni',fr,unknown,#111111,#111111,1,0.287103437500
'Minka Indigena',fr,unknown,#111111,#111111,1,0.287103437500
'Mark Hertsgaard',fr,unknown,#111111,#111111,1,0.287103437500
'Marjan Minnesma',fr,unknown,#111111,#111111,1,0.287103437500
'Kyle Pope',fr,unknown,#111111,#111111,1,0.287103437500
'Helena Gualinga',fr,unknown,#111111,#111111,1,0.287103437500
'Hans Joosten',fr,unknown,#111111,#111111,1,0.287103437500
'Enissa Amani',fr,unknown,#111111,#111111,1,0.287103437500
'Claudia Kempfert',fr,unknown,#111111,#111111,1,0.287103437500
'Autumn Peltier',fr,unknown,#111111,#111111,1,0.287103437500
'Warren Buffett',fr,USA,#18e8e8,#18e8e8,2,0.286569954211
'Jeff Bezos',fr,USA,#18e8e8,#18e8e8,3,0.286473608987
'Larry Ellison',fr,USA,#18e8e8,#18e8e8,2,0.285251174512
'Dorothée Pacaud',fr,Frankreich,#e8e808,#e8e808,1,0.284892524369
'Bob Menendez',fr,unknown,#111111,#111111,1,0.284848446148
'Arno Antlitz',fr,Deutschland,#1818e8,#1818e8,1,0.284707156768
'Jamie Spears',fr,USA,#18e8e8,#18e8e8,1,0.284581247010
'Vanessa Nakate',fr,unknown,#111111,#111111,1,0.283487885073
'Georg Gänswein',fr,Deutschland,#1818e8,#1818e8,1,0.283465305781
'Andrea Arnold',fr,UK,#e838e8,#e838e8,1,0.283422291374
'Chip Somodevilla',fr,USA,#18e8e8,#18e8e8,2,0.282916789799
'Albert Einstein',fr,Deutschland,#1818e8,#1818e8,2,0.282413215257
'Eva Green',fr,unknown,#111111,#111111,1,0.282265534324
'Peter Thiel',fr,USA,#18e8e8,#18e8e8,1,0.282069290026
'Robert Sesselmann',fr,Deutschland,#1818e8,#1818e8,1,0.282032648609
'Queen Elizabeth II',fr,UK,#e838e8,#e838e8,1,0.281499937105
'Lance Bass',fr,unknown,#111111,#111111,1,0.281267684084
'Kim Reynolds',fr,unknown,#111111,#111111,1,0.280630958368
'Cillian Murphy',fr,Irland,#4488cc,#4488cc,3,0.280359390999
'Mira Murati',fr,Albanien,#1167d4,#1167d4,1,0.280303170491
'Lars Klingbeil',fr,Deutschland,#1818e8,#1818e8,1,0.280013292536
'Yevgeny Prigozhin',fr,Russland,#e81818,#e81818,1,0.278712704778
'Tyson Fury',fr,unknown,#111111,#111111,1,0.278641016022
'Pat McAfee',fr,USA,#18e8e8,#18e8e8,1,0.278613938947
'Jackson Hole',fr,unknown,#111111,#111111,1,0.277670329302
'Jonathan Turley',fr,unknown,#111111,#111111,1,0.277351200977
'Matt Damon',fr,USA,#18e8e8,#18e8e8,1,0.277187025588
'John Fetterman',fr,unknown,#111111,#111111,1,0.277113856329
'Tiffany Chen',fr,USA,#18e8e8,#18e8e8,1,0.277056425948
'Peter Tschentscher',fr,Deutschland,#1818e8,#1818e8,1,0.276899822928
'Rosalynn Carter',fr,USA,#18e8e8,#18e8e8,1,0.276749523680
'Lindsey Graham',fr,USA,#18e8e8,#18e8e8,1,0.276376052281
'Zach Bryan',fr,unknown,#111111,#111111,1,0.276368900776
'Queen Camilla',fr,UK,#e838e8,#e838e8,1,0.276335058923
'Imran Khan',fr,unknown,#111111,#111111,1,0.275806097635
'Mario Czaja',fr,Deutschland,#1818e8,#1818e8,1,0.275591892552
'Ahmed Al Jaber',fr,unknown,#111111,#111111,1,0.274514141915
'Noor Alfallah',fr,USA,#18e8e8,#18e8e8,1,0.273961831607
'James Cleverly',fr,UK,#e838e8,#e838e8,1,0.272953190844
'Leonard Bernstein',fr,unknown,#111111,#111111,1,0.272529092384
'Caroline Ellison',fr,USA,#18e8e8,#18e8e8,1,0.272234787766
'Laura Ingraham',fr,USA,#18e8e8,#18e8e8,1,0.271685360167
'Warren Buffet',fr,USA,#18e8e8,#18e8e8,1,0.271396869202
'Johnny Depp',fr,USA,#18e8e8,#18e8e8,1,0.271384606797
'Rudy Giuliani',fr,USA,#18e8e8,#18e8e8,1,0.270720323991
'Brian Kilmeade',fr,unknown,#111111,#111111,1,0.269914372303
'Jan Böhmermann',fr,Deutschland,#1818e8,#1818e8,3,0.269670745153
'Roman Pacino',fr,unknown,#111111,#111111,1,0.268558727650
'Jerod Mayo',fr,unknown,#111111,#111111,1,0.268411279183
'Rudolf Steiner',fr,Oesterreich,#5522dd,#5522dd,1,0.267891876517
'Viktor Shokin',fr,unknown,#111111,#111111,1,0.267479449704
'John Rawls',fr,USA,#18e8e8,#18e8e8,1,0.267467446285
'Leandro De Niro Rodriguez',fr,USA,#18e8e8,#18e8e8,1,0.267046152009
'Patricia Blanco',fr,Deutschland,#1818e8,#1818e8,1,0.267046142879
'Bill Barr',fr,unknown,#111111,#111111,1,0.266335087665
'Merrill McCollum',fr,USA,#18e8e8,#18e8e8,1,0.266223187500
'Teresa Giudice',fr,unknown,#111111,#111111,1,0.266204915350
'Bridget Moynahan',fr,unknown,#111111,#111111,1,0.266106400056
'Andrew Schulz',fr,USA,#18e8e8,#18e8e8,1,0.265428109377
'Anthony Fauci',fr,USA,#18e8e8,#18e8e8,2,0.265362167491
'Joy Behar',fr,unknown,#111111,#111111,1,0.264790877157
'Joaquim Valente',fr,unknown,#111111,#111111,1,0.264779010306
'Rand Paul',fr,unknown,#111111,#111111,1,0.264771545293
'Jake Tapper',fr,unknown,#111111,#111111,1,0.264674070676
'Giorgio Napolitano',fr,unknown,#111111,#111111,1,0.264611970440
'Mark Kerr',fr,unknown,#111111,#111111,1,0.264296007079
'Robert Kraft',fr,unknown,#111111,#111111,1,0.264103068585
'Benjamin Hasselhorn',fr,unknown,#111111,#111111,1,0.264004660938
'Brittany Mahomes',fr,unknown,#111111,#111111,1,0.263625796050
'Jake Gyllenhaal',fr,unknown,#111111,#111111,1,0.263487442016
'Kim Jong-un',fr,NordKorea,#e85858,#e85858,3,0.263338643521
'Aleksandar Vučić',fr,Serbien,#8844cc,#8844cc,2,0.263133522331
'Tom Hanks',fr,unknown,#111111,#111111,1,0.262340707580
'Jason Whitlock',fr,unknown,#111111,#111111,1,0.261952567552
'Nikki Glaser',fr,unknown,#111111,#111111,1,0.261854242355
'Edward Snowden',fr,USA,#18e8e8,#18e8e8,2,0.261288725915
'Shahzada Dawood',fr,Pakistan,#bb33ff,#bb33ff,1,0.261186821097
'Patti LaBelle',fr,USA,#18e8e8,#18e8e8,1,0.261111510838
'Oisin Fanning',fr,Irland,#4488cc,#4488cc,1,0.261003125000
'Malu Dreyer',fr,Deutschland,#1818e8,#1818e8,1,0.261003125000
'Jan Lipavský',fr,Tschechien,#44cc88,#44cc88,1,0.261003125000
'Jacques Doriot',fr,unknown,#111111,#111111,1,0.260549789354
'Prinzessin Kate',fr,UK,#e838e8,#e838e8,1,0.260133313674
'Oleksandr Usyk',fr,unknown,#111111,#111111,1,0.260092471230
'Noam Chomsky',fr,USA,#18e8e8,#18e8e8,1,0.259804559638
'Bettina Stark-Watzinger',fr,Deutschland,#1818e8,#1818e8,1,0.259702748737
'Michelle Williams',fr,unknown,#111111,#111111,1,0.259560503683
'Lauren Sánchez',fr,USA,#18e8e8,#18e8e8,1,0.259436319193
'George Floyd',fr,USA,#18e8e8,#18e8e8,1,0.259097204784
'Lily Gladstone',fr,unknown,#111111,#111111,1,0.258413900071
'Jennifer Morgan',fr,unknown,#111111,#111111,1,0.258242564707
'Ivanka Trump',fr,unknown,#111111,#111111,1,0.257486638313
'Joey Fatone',fr,unknown,#111111,#111111,1,0.257431835468
'Alvin Bragg',fr,USA,#18e8e8,#18e8e8,1,0.256935814183
'Jair Bolsonaro',fr,Brasilien,#58e838,#58e848,3,0.255491627554
'Friedrich Merz',fr,Deutschland,#1818e8,#1818e8,3,0.254644416014
'Willy Brandt',fr,Deutschland,#1818e8,#1818e8,1,0.254272689006
'Markus Söder',fr,Deutschland,#1818e8,#1818e8,1,0.253983484564
'Paul Ronzheimer',fr,Deutschland,#1818e8,#1818e8,2,0.253622557034
'Finnegan Biden',fr,USA,#18e8e8,#18e8e8,1,0.250985012725
'Helge Schneider',fr,Deutschland,#1818e8,#1818e8,1,0.250665507544
'Bettina Jarasch',fr,Deutschland,#1818e8,#1818e8,1,0.250231229158
'George Washington',fr,USA,#18e8e8,#18e8e8,2,0.249608241513
'Anne Will',fr,Deutschland,#1818e8,#1818e8,1,0.248951565346
'Ulrich Reitz',fr,Deutschland,#1818e8,#1818e8,1,0.248413608419
'Patrick Mahomes',fr,unknown,#111111,#111111,1,0.247106755661
'Gérard Biard',fr,Frankreich,#e8e808,#e8e808,1,0.246832408218
'Jerome Powell',fr,USA,#18e8e8,#18e8e8,3,0.246311349945
'Ursula von der Leyen',fr,EU,#88cc44,#88cc44,1,0.245662945145
'Wolodimir Selenski',fr,Ukraine,#e818e8,#e818e8,1,0.245568263927
'König Charles III',fr,UK,#e838e8,#e838e8,1,0.245515969352
'Mark Rutte',fr,Niederlande,#ffbb33,#ffbb33,3,0.244773001247
'Robert Nozick',fr,USA,#18e8e8,#18e8e8,1,0.244728661107
'Prinz Louis',fr,UK,#e838e8,#e838e8,1,0.244329453500
'Gorbatschow',fr,unknown,#111111,#111111,1,0.244037921875
'Eriberto Gualinga',fr,unknown,#111111,#111111,1,0.244037921875
'Afida Turner',fr,Frankreich,#e8e808,#e8e808,1,0.243889550148
'Cyril Ramaphosa',fr,Südafrika,#ee4411,#ee4411,3,0.241920832267
'Buzz Aldrin',fr,USA,#18e8e8,#18e8e8,1,0.241406527147
'Kevin Kühnert',fr,Deutschland,#1818e8,#1818e8,1,0.241224347799
'Stefan Rahmstorf',fr,Deutschland,#1818e8,#1818e8,1,0.240538893344
'Melinda Gates',fr,USA,#18e8e8,#18e8e8,2,0.239445180794
'Papst Benedikt XVI',fr,Vatikan,#58b8e8,#58b8e8,2,0.238271904683
'Joseph Ratzinger',fr,Vatikan,#58b8e8,#58b8e8,1,0.238018838372
'Michael Cohen',fr,USA,#18e8e8,#18e8e8,2,0.237648911794
'Justin Trudeau',fr,Kanada,#55ee33,#55ee33,3,0.237319103729
'Wolfgang Kubicki',fr,Deutschland,#1818e8,#1818e8,1,0.236949998009
'Reed Richards',fr,unknown,#111111,#111111,1,0.236837359268
'John Paul II',fr,Vatikan,#58b8e8,#58b8e8,1,0.236790276367
'Robert Habeck',fr,Deutschland,#1818e8,#1818e8,3,0.236752309866
'Harry Belafonte',fr,USA,#18e8e8,#18e8e8,1,0.236547611411
'Martin Scorsese',fr,USA,#18e8e8,#18e8e8,1,0.236096036506
'Stephen Hawking',fr,UK,#e838e8,#e838e8,1,0.236015281406
'Nadja Abd el Farrag',fr,Deutschland,#1818e8,#1818e8,1,0.233825497678
'Lee Hsien Loong',fr,Singapur,#cc4488,#cc4488,2,0.233609797535
'Georg Bätzing',fr,Deutschland,#1818e8,#1818e8,1,0.233197906526
'Charles Michel',fr,EU,#88cc44,#88cc44,2,0.233118159004
'Joschka Fischer',fr,Deutschland,#1818e8,#1818e8,1,0.232448751378
'Pietro Lombardi',fr,Deutschland,#1818e8,#1818e8,1,0.232433602606
'Phoebe Bridgers',fr,unknown,#111111,#111111,1,0.229684893207
'Selenskyj',fr,Ukraine,#e818e8,#e818e8,1,0.228601032633
'Peter Urban',fr,Deutschland,#1818e8,#1818e8,1,0.228356903745
'Napoleon Bonaparte',fr,Frankreich,#e8e808,#e8e808,1,0.228008432683
'Jacinda Ardern',fr,Neuseeland,#1818e8,#1818e8,1,0.227560529978
'Matthias Müller',fr,Deutschland,#1818e8,#1818e8,1,0.226398095213
'Trevian Kutti',fr,unknown,#111111,#111111,1,0.226381837337
'Don Lemon',fr,USA,#18e8e8,#18e8e8,1,0.226289709375
'Steve Doocy',fr,unknown,#111111,#111111,1,0.226101835999
'Leah McSweeney',fr,unknown,#111111,#111111,1,0.225991347630
'Jacoby Brissett',fr,unknown,#111111,#111111,1,0.225899398911
'Billionaire Bunker',fr,unknown,#111111,#111111,1,0.225386923480
'Petro Poroshenko',fr,unknown,#111111,#111111,1,0.224986234320
'Matty Healy',fr,unknown,#111111,#111111,1,0.224772322077
'Jessica Biel',fr,unknown,#111111,#111111,1,0.224708028676
'Pippa Middleton',fr,UK,#e838e8,#e838e8,1,0.224269795531
'Isaac Newton',fr,UK,#e838e8,#e838e8,1,0.224141114470
'Eva Kaili',fr,EU,#88cc44,#88cc44,2,0.224105966235
'Jens Spahn',fr,Deutschland,#1818e8,#1818e8,2,0.223666279965
'Michael Walzer',fr,USA,#18e8e8,#18e8e8,1,0.223109522518
'Péter Szijjártó',fr,Ungarn,#111111,#111111,1,0.222353222879
'Alice Weidel',fr,Deutschland,#1818e8,#1818e8,3,0.222165820193
'Chuck Todd',fr,USA,#18e8e8,#18e8e8,1,0.222039360067
'Mary Lou McDonald',fr,Irland,#4488cc,#4488cc,1,0.221852656250
'Detlef Garbe',fr,Deutschland,#1818e8,#1818e8,1,0.221852656250
'Ayatollah Chamenei',fr,Iran,#1144ee,#1144ee,1,0.221852656250
'Kemal Kilicdaroglu',fr,Türkei,#66bb22,#66bb22,1,0.221791217636
'Amin Nasser',fr,SaudiArabien,#22bb66,#22bb66,2,0.220430336016
'Nancy Faeser',fr,Deutschland,#1818e8,#1818e8,3,0.219091180109
'Bill Gates',fr,USA,#18e8e8,#18e8e8,3,0.219071032449
'Penny Mordaunt',fr,UK,#e838e8,#e838e8,1,0.218833563376
'Barbara Sturm',fr,Deutschland,#1818e8,#1818e8,1,0.218171120851
'Michael Kahle',fr,Deutschland,#1818e8,#1818e8,1,0.217415603125
'Jens Stoltenberg',fr,Norwegen,#e818e8,#e818e8,2,0.216929738462
'Frank-Walter Steinmeier',fr,Deutschland,#1818e8,#1818e8,3,0.216832933149
'Alexander von Humboldt',fr,Deutschland,#1818e8,#1818e8,1,0.216768833216
'Rainer Maria Woelki',fr,Deutschland,#1818e8,#1818e8,1,0.216651872609
'Derek Chauvin',fr,unknown,#111111,#111111,1,0.216381897404
'Recep Tayyip Erdoğan',fr,Türkei,#66bb22,#66bb22,2,0.216266069377
'Adolf Hitler',fr,Deutschland,#1818e8,#1818e8,1,0.215102865522
'Herbert Diess',fr,Deutschland,#1818e8,#1818e8,1,0.214900351293
'John Kerry',fr,USA,#18e8e8,#18e8e8,2,0.214092510366
'Tamim bin Hamad Al Thani',fr,Katar,#33ffbb,#33ffbb,2,0.212958869968
'Michael Sandel',fr,USA,#18e8e8,#18e8e8,2,0.212387524751
'Tamim bin Hamad Al-Thani',fr,Katar,#33ffbb,#33ffbb,2,0.212115772066
'Rafael Grossi',fr,UN,#e888e8,#e888e8,1,0.209500071238
'Mukesh Ambani',fr,Indien,#995533,#995533,2,0.208911164236
'Christine Lagarde',fr,EU,#88cc44,#88cc44,3,0.208668964711
'Boris Pistorius',fr,Deutschland,#1818e8,#1818e8,1,0.208286351931
'King Charles III',fr,UK,#e838e8,#e838e8,1,0.208135379872
'Michelle Obama',fr,USA,#18e8e8,#18e8e8,2,0.207765760890
'Andreas Jung',fr,Deutschland,#1818e8,#1818e8,1,0.207562761476
'Mohammed bin Salman',fr,SaudiArabien,#22bb66,#22bb66,2,0.204975838011
'Werner von Braun',fr,Deutschland,#1818e8,#1818e8,1,0.204775215013
'Joachim Gauck',fr,Deutschland,#1818e8,#1818e8,1,0.204717067683
'Maybrit Illner',fr,Deutschland,#1818e8,#1818e8,1,0.203896076570
'Alfred Bernhard Nobel',fr,Schweden,#ddee11,#ddee11,1,0.203660738437
'Olli Schulz',fr,Deutschland,#1818e8,#1818e8,1,0.202186417777
'Antony Blinken',fr,USA,#18e8e8,#18e8e8,2,0.202128178476
'Angela Merkel',fr,Deutschland,#1818e8,#1818e8,2,0.201603227124
'Giorgia Meloni',fr,Italien,#33dd55,#33dd55,3,0.201241522495
'Ricarda Lang',fr,Deutschland,#1818e8,#1818e8,1,0.200877537207
'Gabor Steingart',fr,Deutschland,#1818e8,#1818e8,1,0.200115677410
'Faisal Kawusi',fr,Deutschland,#1818e8,#1818e8,1,0.199949052960
'Katalin Novák',fr,Ungarn,#111111,#111111,1,0.199620232362
'Jim Jordan',fr,unknown,#111111,#111111,1,0.199011629374
'Immanuel Kant',fr,Deutschland,#1818e8,#1818e8,1,0.198350186183
'Boris Palmer',fr,Deutschland,#1818e8,#1818e8,2,0.198276329825
'Franziska Giffey',fr,Deutschland,#1818e8,#1818e8,3,0.198223685399
'Markus Krebber',fr,Deutschland,#1818e8,#1818e8,1,0.197764296198
'Mark Zuckerberg',fr,USA,#18e8e8,#18e8e8,3,0.196834400935
'Chez Krömer',fr,Deutschland,#1818e8,#1818e8,1,0.196397363044
'Mike Pence',fr,USA,#18e8e8,#18e8e8,1,0.196391398584
'Katharina König-Press',fr,Deutschland,#1818e8,#1818e8,2,0.195749463335
'Michelle O\'Neill',fr,Irland,#4488cc,#4488cc,1,0.195665125443
'Charles Koch',fr,USA,#18e8e8,#18e8e8,2,0.195358545707
'Christine Lambrecht',fr,Deutschland,#1818e8,#1818e8,1,0.195197673561
'Mateusz Morawiecki',fr,Polen,#cc8844,#cc8844,1,0.194628019876
'Tino Chrupalla',fr,Deutschland,#1818e8,#1818e8,2,0.193789984578
'Katja Krasavice',fr,Deutschland,#1818e8,#1818e8,1,0.193376967217
'Jeffrey Donaldson',fr,Irland,#4488cc,#4488cc,1,0.192469256620
'Katarina Barley',fr,EU,#88cc44,#88cc44,1,0.191615304329
'Christoph Heusgen',fr,Deutschland,#1818e8,#1818e8,3,0.191097369710
'Gisele Bundchen',fr,unknown,#111111,#111111,1,0.190617530688
'Karine Jean-Pierre',fr,USA,#18e8e8,#18e8e8,3,0.190418801885
'Kylie Kelce',fr,unknown,#111111,#111111,1,0.190375370804
'Kemal Klçdarolu',fr,Türkei,#66bb22,#66bb22,1,0.189908675863
'König Felipe VI',fr,Spanien,#33aa99,#33aa99,1,0.189738859055
'Wolfgang Schäuble',fr,Deutschland,#1818e8,#1818e8,2,0.188788321775
'Wladimir Putin',fr,Russland,#e81818,#e81818,1,0.188745212035
'Steve Milloy',fr,USA,#18e8e8,#18e8e8,1,0.188574757812
'Missy Motown',fr,Deutschland,#1818e8,#1818e8,1,0.188574757812
'Michelle Neill',fr,Irland,#4488cc,#4488cc,1,0.188574757812
'Edir Macedo',fr,Brasilien,#58e838,#58e848,1,0.188574757812
'Andreas Ellermann',fr,Deutschland,#1818e8,#1818e8,1,0.188574757812
'Gerhard Schröder',fr,Deutschland,#1818e8,#1818e8,2,0.188558763208
'Roberta Metsola',fr,EU,#88cc44,#88cc44,1,0.187911849799
'Jon Batiste',fr,unknown,#111111,#111111,1,0.187363149643
'Fumio Kishida',fr,Japan,#33aa99,#33aa99,3,0.187035135023
'Marco Buschmann',fr,Deutschland,#1818e8,#1818e8,1,0.186882150755
'Mathias Döpfner',fr,Deutschland,#1818e8,#1818e8,1,0.186850723341
'Richard Feynman',fr,USA,#18e8e8,#18e8e8,2,0.185937487052
'Königin Camilla',fr,UK,#e838e8,#e838e8,1,0.185576191160
'Paul Kagame',fr,Ruanda,#33ddaa,#33ddaa,1,0.184937494097
'Jack Teixeira',fr,USA,#18e8e8,#18e8e8,1,0.182231224380
'Richard David Precht',fr,Deutschland,#1818e8,#1818e8,1,0.181751097335
'Annalena Baerbock',fr,Deutschland,#1818e8,#1818e8,2,0.181431123015
'Thomas Haldenwang',fr,Deutschland,#1818e8,#1818e8,1,0.180378689831
'Anthony Albanese',fr,Australien,#aa9933,#aa9933,1,0.180332182721
'Sandra Maischberger',fr,Deutschland,#1818e8,#1818e8,1,0.179866065763
'Hun Sen',fr,Kambodscha,#33aadd,#33aadd,1,0.178567859374
'Ola Källenius',fr,Deutschland,#1818e8,#1818e8,2,0.176923180030
'Jack Ma',fr,China,#e88818,#e88818,2,0.176523199500
'Herschel Walker',fr,USA,#18e8e8,#18e8e8,1,0.176467413555
'Wolodymyr Selenski',fr,Ukraine,#e818e8,#e818e8,1,0.176280755108
'David Malpass',fr,USA,#18e8e8,#18e8e8,1,0.175753767218
'Fidel Castro',fr,Kuba,#dd33aa,#dd33aa,1,0.173605992460
'Sahra Wagenknecht',fr,Deutschland,#1818e8,#1818e8,3,0.173142414839
'Sundar Pichai',fr,USA,#18e8e8,#18e8e8,2,0.172355936295
'Aleksandar Vucic',fr,Serbien,#8844cc,#8844cc,2,0.172105204542
'Prinz William',fr,UK,#e838e8,#e838e8,1,0.170188046091
'Prinz George',fr,UK,#e838e8,#e838e8,1,0.169950633449
'Wolodymyr Selenskyj',fr,Ukraine,#e818e8,#e818e8,1,0.169757041513
'Prinz Andrew',fr,UK,#e838e8,#e838e8,1,0.169707124608
'Roland Busch',fr,Deutschland,#1818e8,#1818e8,1,0.168787989141
'Bruno Kahl',fr,Deutschland,#1818e8,#1818e8,1,0.168654066240
'Andreas Baum',fr,Deutschland,#1818e8,#1818e8,1,0.168427951670
'Vitali Klitschko',fr,Ukraine,#e818e8,#e818e8,1,0.167197337529
'Frank Plasberg',fr,Deutschland,#1818e8,#1818e8,1,0.166619086441
'Holger Friedrich',fr,Deutschland,#1818e8,#1818e8,1,0.166542517981
'Luisa Neubauer',fr,Deutschland,#1818e8,#1818e8,1,0.165924515367
'Maria Kolesnikowa',fr,Belarus,#e81858,#e81858,1,0.165595944040
'Winfried Kretschmann',fr,Deutschland,#1818e8,#1818e8,1,0.165113470512
'Liz Truss',fr,UK,#e838e8,#e838e8,1,0.164922164965
'Karl Jenkins',fr,UK,#e838e8,#e838e8,1,0.164913025303
'Sergey Brin',fr,USA,#18e8e8,#18e8e8,1,0.164477473306
'Viktor Orbán',fr,Ungarn,#111111,#111111,2,0.164350821372
'Björn Höcke',fr,Deutschland,#1818e8,#1818e8,1,0.164223895101
'Daniel Freund',fr,EU,#88cc44,#88cc44,1,0.163808053163
'Francoise Bettencourt-Meyers',fr,Frankreich,#e8e808,#e8e808,1,0.163494315023
'Saskia Esken',fr,Deutschland,#1818e8,#1818e8,2,0.163399421866
'Louis Klamroth',fr,Deutschland,#1818e8,#1818e8,1,0.162500858488
'Horst Seehofer',fr,Deutschland,#1818e8,#1818e8,1,0.161989991352
'Benjamin Netanyahu',fr,Israel,#3311cc,#3311cc,2,0.161814314570
'Rishi Sunak',fr,UK,#e838e8,#e838e8,2,0.160721108046
'Steven Milloy',fr,USA,#18e8e8,#18e8e8,1,0.160288544141
'Andrei Nikolajewitsch Kolmogorow',fr,Russland,#e81818,#e81818,1,0.160288544141
'Michael Mann',fr,USA,#18e8e8,#18e8e8,1,0.159606230871
'Antonio Guterres',fr,UN,#e888e8,#e888e8,2,0.159141133808
'Gautam Adani',fr,Indien,#995533,#995533,1,0.158833200126
'Sergej Schoigu',fr,Russland,#e81818,#e81818,1,0.157293822996
'Lukaschenko',fr,Belarus,#e81858,#e81858,2,0.156151364972
'Martin Schirdewan',fr,Deutschland,#1818e8,#1818e8,1,0.155018206661
'Lothar Wieler',fr,Deutschland,#1818e8,#1818e8,1,0.154958652095
'Andrzej Duda',fr,Polen,#cc8844,#cc8844,2,0.154126752278
'Bodo Ramelow',fr,Deutschland,#1818e8,#1818e8,1,0.152421686475
'Lula sa Silva',fr,Brasilien,#58e838,#58e838,2,0.151401118739
'Ed McVey',fr,UK,#e838e8,#e838e8,1,0.151206026201
'Julian Reichelt',fr,Deutschland,#1818e8,#1818e8,1,0.150951462242
'Chelsea Manning',fr,USA,#18e8e8,#18e8e8,1,0.149533277673
'Nicola Beer',fr,EU,#88cc44,#88cc44,1,0.147252041960
'Silvio Berlusconi',fr,Italien,#33dd55,#33dd55,2,0.147238879538
'Thierry Breton',fr,EU,#88cc44,#88cc44,1,0.146327594418
'Yoon Suk-yeol',fr,SüdKorea,#bbff33,#bbff33,3,0.145481018944
'Julian Assange',fr,Australien,#aa9933,#aa9933,1,0.145298271911
'Nick Fuentes',fr,USA,#18e8e8,#18e8e8,1,0.141643479418
'Karl Lauterbach',fr,Deutschland,#1818e8,#1818e8,1,0.141124958636
'Millie Mackintosh',fr,UK,#e838e8,#e838e8,1,0.139499648433
'Stephan Harbarth',fr,Deutschland,#1818e8,#1818e8,1,0.138916267857
'Alexander Lukaschenko',fr,Belarus,#e81858,#e81858,1,0.138829039140
'Michael Kretschmer',fr,Deutschland,#1818e8,#1818e8,1,0.138748936165
'Oliver Blume',fr,Deutschland,#1818e8,#1818e8,1,0.138300011863
'Subrahmanyam Jaishankar',fr,Indien,#995533,#995533,1,0.138200098678
'Sergej Lawrow',fr,Russland,#e81818,#e81818,1,0.137358973512
'MacKenzie Scott',fr,USA,#18e8e8,#18e8e8,1,0.137161966949
'Dalai Lama',fr,Tibet,#ddaa33,#ddaa33,1,0.136811762433
'Barbara Walters',fr,USA,#18e8e8,#18e8e8,1,0.136756273949
'Martin Sonneborn',fr,Deutschland,#1818e8,#1818e8,1,0.136335870511
'Raphael Warnock',fr,USA,#18e8e8,#18e8e8,1,0.136245262520
'Schellnhuber',fr,Deutschland,#1818e8,#1818e8,2,0.135723200874
'Alice Schwarzer',fr,Deutschland,#1818e8,#1818e8,1,0.134004862535
'Miguel Díaz-Canel',fr,Kuba,#dd33aa,#dd33aa,2,0.133776206904
'Andrés Manuel López Obrador',fr,Mexiko,#aadd33,#aadd33,1,0.131353741024
'Mojib Latif',fr,Deutschland,#1818e8,#1818e8,1,0.131300340521
'Sucharit Bhakdi',fr,Deutschland,#1818e8,#1818e8,3,0.130104863677
'Michael Ballweg',fr,Deutschland,#1818e8,#1818e8,1,0.129668706538
'Volodymyr Zelenskiy',fr,Ukraine,#e818e8,#e818e8,1,0.127389320456
'Alfred Nobel',fr,Schweden,#ddee11,#ddee11,1,0.127318113302
'Hans Joachim Schellnhuber',fr,Deutschland,#1818e8,#1818e8,1,0.127079780203
'Karl Nehammer',fr,Oesterreich,#5522dd,#5522dd,1,0.126946028108
'Yanis Varoufakis',fr,Griechenland,#1858e8,#1858e8,1,0.124671126243
'Macky Sall',fr,Senegal,#aa33dd,#aa33dd,1,0.123426671059
'Robin Li',fr,China,#e88818,#e88818,2,0.122769090605
'John Roberts',fr,USA,#18e8e8,#18e8e8,1,0.122563721239
'Klaus-Michael Kühne',fr,Deutschland,#1818e8,#1818e8,1,0.120560994674
'Ali Chamenei',fr,Iran,#1144ee,#1144ee,2,0.119089814680
'Patriarch Kyrill',fr,Ukraine,#e818e8,#e818e8,1,0.118577069372
'Paul Gosar',fr,USA,#18e8e8,#18e8e8,1,0.118124642604
'Steffi Lemke',fr,Deutschland,#1818e8,#1818e8,1,0.117698690464
'Alexei Nawalny',fr,Russland,#e81818,#e81818,1,0.116805889737
'Megyn Kell',fr,USA,#18e8e8,#18e8e8,1,0.115808473142
'Prinz Archie',fr,UK,#e838e8,#e838e8,1,0.115655533276
'Ulf Poschardt',fr,Deutschland,#1818e8,#1818e8,1,0.114575012808
'Larry Page',fr,USA,#18e8e8,#18e8e8,1,0.112442846428
'Otmar Issing',fr,EU,#88cc44,#88cc44,1,0.109172821038
'Daniel Dillmann',fr,Deutschland,#1818e8,#1818e8,1,0.108280922387
'Julia Koch',fr,USA,#18e8e8,#18e8e8,1,0.108198013813
'Carl Friedrich Gauß',fr,Deutschland,#1818e8,#1818e8,1,0.106894380731
'Scott Morrison',fr,Australien,#aa9933,#aa9933,1,0.106671791986
'Muhammad bin Zayid Al Nahyan',fr,VAE,#ff33bb,#ff33bb,1,0.106585300650
'Heinrich XIII. Prinz Reuß',fr,Deutschland,#1818e8,#1818e8,1,0.105418163354
'Kardinal Woelki',fr,Deutschland,#1818e8,#1818e8,1,0.104961114968
'Andrea Lindholz',fr,Deutschland,#1818e8,#1818e8,1,0.103316148505
'Maybritt Illner',fr,Deutschland,#1818e8,#1818e8,1,0.102423566216
'Andrew Forrest',fr,Australien,#aa9933,#aa9933,1,0.102085399731
'Christian Drosten',fr,Deutschland,#1818e8,#1818e8,1,0.101807259270
'Benjamin Netanjahu',fr,Israel,#3311cc,#3311cc,1,0.100793601589
'Joana Cotar',fr,Deutschland,#1818e8,#1818e8,1,0.099983010455
'Erik Marquardt',fr,EU,#88cc44,#88cc44,1,0.099719316358
'Steffen Große',fr,Deutschland,#1818e8,#1818e8,2,0.099137074521
'Holger Münch',fr,Deutschland,#1818e8,#1818e8,1,0.099013491484
'Ebrahim Raisi',fr,Iran,#1144ee,#1144ee,1,0.097302725633
'Nikos Androulakis',fr,Griechenland,#1858e8,#1858e8,1,0.096520503910
'Andreas Jödecke',fr,Deutschland,#1818e8,#1818e8,1,0.095208799950
'Alexej Kudrin',fr,Russland,#e81818,#e81818,1,0.095105512902
'Susanne Klatten',fr,Deutschland,#1818e8,#1818e8,1,0.094488339293
'Gregor Gysi',fr,Deutschland,#1818e8,#1818e8,1,0.093774037653
'Daniel Zhang',fr,China,#e88818,#e88818,1,0.093449062686
'Volker Wissing',fr,Deutschland,#1818e8,#1818e8,1,0.093007790365
'Jürgen Grässlin',fr,Deutschland,#1818e8,#1818e8,1,0.092355944176
'Milo Yiannopoulos',fr,UK,#e838e8,#e838e8,1,0.092038784029
'Nicola Sturgeon',fr,UK,#e838e8,#e838e8,1,0.091977099947
'Jitzchak Herzog',fr,Israel,#3311cc,#3311cc,1,0.075176006204
