index,url,valid,domain,title,description,image,published,archive,content,quote,language,keyword
https://www.lemonde.fr/politique/article/2026/01/01/pour-ses-avant-derniers-v-ux-aux-francais-emmanuel-macron-cherche-le-consensus-et-promet-d-etre-au-travail-jusqu-a-la-derniere-seconde_6660224_823448.html,https://www.lemonde.fr/politique/article/2026/01/01/pour-ses-avant-derniers-v-ux-aux-francais-emmanuel-macron-cherche-le-consensus-et-promet-d-etre-au-travail-jusqu-a-la-derniere-seconde_6660224_823448.html,0,www.lemonde.fr,"Pour ses avant-derniers vœux aux Français, Emmanuel Macron cherche le consensus et promet d’être au travail « jusqu’à la dernière seconde »","Dans une brève allocution, le chef de l’Etat a évité de revenir sur son bilan, assurant seulement que « notre pays tient ». Dans un contexte d’instabilité politique, il s’est par ailleurs gardé de lancer de nouveaux projets.",https://img.lemde.fr/2025/12/31/0/0/6000/4000/1440/960/60/0/6815279_ftp-1-opsfdwnsixhl-2025-12-31t191238z-855057967-rc2vriag6ohw-rtrmadp-3-new-year-france-macron.JPG,2026-01-01T04:00:25Z,http://web.archive.org/web/20260101230742/https://www.lemonde.fr/politique/article/2026/01/01/pour-ses-avant-derniers-v-ux-aux-francais-emmanuel-macron-cherche-le-consensus-et-promet-d-etre-au-travail-jusqu-a-la-derniere-seconde_6660224_823448.html,"Vux télévisés dEmmanuel Macron aux Français, le 31 décembre 2025. STEPHANIE LECOCQ / REUTERS
Dans ses vux aux Français pour lannée 2026, Emmanuel Macron sest borné à un discours sans aspérités. Aprè… [+1331 chars]",,fr,'Sébastien Lecornu'
https://www.courrierinternational.com/article/vu-de-l-etranger-emmanuel-macron-presente-aux-francais-des-v-ux-2026-au-ton-crepusculaire_238891,https://www.courrierinternational.com/article/vu-de-l-etranger-emmanuel-macron-presente-aux-francais-des-v-ux-2026-au-ton-crepusculaire_238891,0,www.courrierinternational.com,Emmanuel Macron présente aux Français des vœux 2026 au ton “crépusculaire”,"Emmanuel Macron a présenté ses vœux aux Français mercredi soir, promettant notamment pour 2026 l’interdiction des réseaux sociaux aux moins de 15 ans. Mais la presse internationale a surtout retenu le ton “grave” et “crépusculaire” de l’allocution présidentie…",https://focus.courrierinternational.com/2025/12/31/0/0/6000/4000/1200/630/60/0/6815279_ftp-1-ujqatvvrkvh9-2025-12-31t191238z-855057967-rc2vriag6ohw-rtrmadp-3-new-year-france-macron.JPG,2026-01-01T04:34:21Z,http://web.archive.org/web/20260101224317/https://www.courrierinternational.com/article/vu-de-l-etranger-emmanuel-macron-presente-aux-francais-des-v-ux-2026-au-ton-crepusculaire_238891,"Chaque année à 20 heures, entre lapéritif et le foie gras, près de dix millions de Français restent fidèles au rendez-vous des vux, devant un exercice rituel qui passe rarement à la postérité, observ… [+5670 chars]",,fr,'Sébastien Lecornu'
https://www.franceinfo.fr/replay-radio/l-edito-politique/edito-emmanuel-macron-se-projette-dans-l-apres-macron_7683118.html,https://www.franceinfo.fr/replay-radio/l-edito-politique/edito-emmanuel-macron-se-projette-dans-l-apres-macron_7683118.html,0,www.franceinfo.fr,Édito. Emmanuel Macron se projette dans l'après-Macron,"Avec des vœux très courts Emmanuel Macron semble déjà anticiper la fin de son mandat, tout en promettant de rester président ""jusqu’à la dernière seconde"". Critiqué par l’opposition, il tente néanmoins de dessiner l’héritage qu’il laissera avant l’élection pr…",https://www.franceinfo.fr/pictures/4dGxqSzFKHM3s7vRtWvunD4xjFs/0x14:1024x590/1500x843/2026/01/01/macronapresvoeux-69560cb5ae3f7611189350.jpg,2026-01-01T06:55:02Z,http://web.archive.org/web/20260101084806/https://www.franceinfo.fr/replay-radio/l-edito-politique/edito-emmanuel-macron-se-projette-dans-l-apres-macron_7683118.html,"Le président de la République semble déjà préparer sa fin. Ses vux ont été expédiés en moins de dix minutes, mercredi 31 décembre, ""crépusculaires"", titre Le Parisien. Les vux les plus courts depuis … [+2714 chars]",,fr,'Emmanuel Macron'
https://www.franceinfo.fr/replay-magazine/franceinfo/l-invite-politique/v-ux-d-emmanuel-macron-il-a-voulu-montrer-qu-il-avait-encore-des-capacites-a-agir-et-a-avoir-une-influence-assure-le-politologue-arnaud-benedetti-apres-l-allocution-du-president-de-la-republique_7714405.html,https://www.franceinfo.fr/replay-magazine/franceinfo/l-invite-politique/v-ux-d-emmanuel-macron-il-a-voulu-montrer-qu-il-avait-encore-des-capacites-a-agir-et-a-avoir-une-influence-assure-le-politologue-arnaud-benedetti-apres-l-allocution-du-president-de-la-republique_7714405.html,0,www.franceinfo.fr,"Vœux d'Emmanuel Macron : ""Il a voulu montrer qu'il avait encore des capacités à agir et à avoir une influence"", assure le politologue Arnaud Benedetti, après l'allocution du président de la République.","Invité politique de ""La Matinale"" jeudi 1er janvier, Arnaud Benedetti, politologue et professeur à la Sorbonne, réagit aux vœux d'Emmanuel Macron pour l'année 2026.",https://www.franceinfo.fr/pictures/5ZSzGeqzyM1Cvunfp8O30uVRHKs/193x0:1706x851/1500x843/2026/01/01/arnaud-benedetti-invite-politique-695625e25f52b750324594.jpg,2026-01-01T07:51:30Z,http://web.archive.org/web/20260101082942/https://www.franceinfo.fr/replay-magazine/franceinfo/l-invite-politique/v-ux-d-emmanuel-macron-il-a-voulu-montrer-qu-il-avait-encore-des-capacites-a-agir-et-a-avoir-une-influence-assure-le-politologue-arnaud-benedetti-apres-l-allocution-du-president-de-la-republique_7714405.html,"Invité politique de ""La Matinale"" jeudi 1er janvier, Arnaud Benedetti, politologue et professeur à la Sorbonne, réagit aux vux d'Emmanuel Macron pour l'année 2026.
Dans ""La Matinale"" du jeudi 1er ja… [+4843 chars]",,fr,'Emmanuel Macron'
https://www.huffingtonpost.fr/france/article/le-calendrier-2026-des-26-evenements-a-ne-pas-rater-en-2026_258342.html,https://www.huffingtonpost.fr/france/article/le-calendrier-2026-des-26-evenements-a-ne-pas-rater-en-2026_258342.html,0,www.huffingtonpost.fr,Le calendrier 2026 des 26 événements à ne pas rater en 2026,"Du procès en appel de Marine Le Pen à la sortie événement de GTA VI en passant par les JO, les municipales, la Coupe du monde et les midterms, voici de quoi remplir votre agenda 2026.",https://focus.huffingtonpost.fr/2025/12/22/36/0/2400/1350/1820/1023/75/0/21cc02d_upload-1-bqfd2nm42ift-evenements-annee-2026.jpg,2026-01-01T12:46:12Z,,"La fin des combats à Gaza, un gouvernement qui dure moins de 14 heures, deux chaînes de télévision qui disparaissent 2025 sest refermée et un nouveau chapitre souvre ce jeudi 1er janvier. Lannée 2026… [+12262 chars]",,fr,'Marine Le Pen'
https://www.franceinfo.fr/politique/fin-des-avantages-a-vie-24-policiers-et-24-chauffeurs-retires-a-des-anciens-premiers-ministres-et-ministres-de-l-interieur_7714831.html,https://www.franceinfo.fr/politique/fin-des-avantages-a-vie-24-policiers-et-24-chauffeurs-retires-a-des-anciens-premiers-ministres-et-ministres-de-l-interieur_7714831.html,0,www.franceinfo.fr,"Fin des avantages ""à vie"" : 24 policiers et 24 chauffeurs retirés à des anciens Premiers ministres et ministres de l'Intérieur",Le Premier ministre Sébastien Lecornu avait annoncé mi-septembre la fin de ces avantages pour les anciens membres du gouvernement.,https://www.franceinfo.fr/pictures/jIzAXQ-u7620V9-JIRqBZMzG5to/0x312:6000x3687/1500x843/2020/10/14/phpb343j3.jpg,2026-01-02T05:00:03Z,http://web.archive.org/web/20260102112245/https://www.franceinfo.fr/politique/fin-des-avantages-a-vie-24-policiers-et-24-chauffeurs-retires-a-des-anciens-premiers-ministres-et-ministres-de-l-interieur_7714831.html,"Vingt-quatre policiers et 24 chauffeurs ont été retirés à des anciens Premiers ministres et ministres de l'Intérieur depuis le 1er janvier, a appris l'Agence Radio France auprès de Matignon mercredi,… [+2002 chars]",,fr,'Sébastien Lecornu'
https://www.franceinfo.fr/politique/gouvernement-de-sebastien-lecornu/fin-des-avantages-a-vie-pour-les-premiers-ministres-et-les-ministres-de-l-interieur_7716265.html,https://www.franceinfo.fr/politique/gouvernement-de-sebastien-lecornu/fin-des-avantages-a-vie-pour-les-premiers-ministres-et-les-ministres-de-l-interieur_7716265.html,0,www.franceinfo.fr,Fin des avantages à vie pour les Premiers ministres et les ministres de l'Intérieur,C'était une promesse de Sébastien Lecornu lors de son arrivée à Matignon. Depuis le 1er janvier les anciens chefs du gouvernement et les ministres de l'Interieur ne disposeront plus de chauffeur particulier ni de protection policière pour une durée illimitée.,https://www.franceinfo.fr/pictures/jlHiuj349inItn0D9fcgu2ixGKQ/113x0:1265x648/1500x843/2026/01/02/pm-et-mi-1-6957834ad6e37511864069.jpg,2026-01-02T08:38:36Z,http://web.archive.org/web/20260102104205/https://www.franceinfo.fr/politique/gouvernement-de-sebastien-lecornu/fin-des-avantages-a-vie-pour-les-premiers-ministres-et-les-ministres-de-l-interieur_7716265.html,C'était une promesse de Sébastien Lecornu lors de son arrivée à Matignon. Depuis le 1er janvier les anciens chefs du gouvernement et les ministres de l'Interieur ne disposeront plus de chauffeur part… [+1587 chars],,fr,'Sébastien Lecornu'
https://www.franceinfo.fr/economie/crise/blocus-des-agriculteurs/dermatose-nodulaire/crise-agricole-sebastien-lecornu-va-rencontrer-les-syndicats-agricoles-a-la-rentree-et-promet-des-mesures-en-janvier_7716607.html,https://www.franceinfo.fr/economie/crise/blocus-des-agriculteurs/dermatose-nodulaire/crise-agricole-sebastien-lecornu-va-rencontrer-les-syndicats-agricoles-a-la-rentree-et-promet-des-mesures-en-janvier_7716607.html,0,www.franceinfo.fr,Crise agricole : Sébastien Lecornu va rencontrer les syndicats agricoles à la rentrée et promet des mesures en janvier,"La ministre de l'Agriculture Annie Genevard pourrait faire de premières annonces dès dimanche, après un mois de décembre marqué par la colère des agriculteurs en raison de la dermatose nodulaire et du Mercosur.",https://www.franceinfo.fr/pictures/9TgT91JiyASM9wwDa4E7yGdMPkA/0x53:1024x629/1500x843/2026/01/02/000-88eu848-6957d30f5fbe8536732322.jpg,2026-01-02T14:56:48Z,http://web.archive.org/web/20260102231044/https://www.franceinfo.fr/economie/crise/blocus-des-agriculteurs/dermatose-nodulaire/crise-agricole-sebastien-lecornu-va-rencontrer-les-syndicats-agricoles-a-la-rentree-et-promet-des-mesures-en-janvier_7716607.html,"Le gouvernement va prendre des mesures en faveur des agriculteurs ""tout au long du mois de janvier"", avec de premières annonces de la ministre de l'Agriculture Annie Genevard attendues dès dimanche, … [+1622 chars]",,fr,'Sébastien Lecornu'
https://www.huffingtonpost.fr/politique/article/le-gouvernement-promet-une-ribambelle-de-mesures-pour-les-agriculteurs-mais_258814.html,https://www.huffingtonpost.fr/politique/article/le-gouvernement-promet-une-ribambelle-de-mesures-pour-les-agriculteurs-mais_258814.html,0,www.huffingtonpost.fr,"Le gouvernement promet une ribambelle de mesures pour les agriculteurs, mais...",L’entourage du Premier ministre souligne que certaines promesses nécessitent l’adoption d’un budget en bonne et due forme.,https://focus.huffingtonpost.fr/2025/12/18/62/0/1200/675/1820/1023/75/0/2559063_upload-1-jmxvykqv6rhm-afp-20251205-877x8dh-v1-midres-francepoliticsparliamentbudget.jpg,2026-01-02T16:39:21Z,http://web.archive.org/web/20260102191953/https://www.huffingtonpost.fr/politique/article/le-gouvernement-promet-une-ribambelle-de-mesures-pour-les-agriculteurs-mais_258814.html,"EN BREFLe gouvernement promet des mesures pour les agriculteurs tout au long de janvier, avec des annonces dès dimanche par la ministre de lAgriculture.Les syndicats agricoles, insatisfaits des prome… [+3137 chars]",,fr,'Sébastien Lecornu'
https://www.courrierinternational.com/article/vu-d-espagne-un-mois-de-janvier-chaotique-et-incertain-attend-le-gouvernement-lecornu_238908,https://www.courrierinternational.com/article/vu-d-espagne-un-mois-de-janvier-chaotique-et-incertain-attend-le-gouvernement-lecornu_238908,0,www.courrierinternational.com,Un mois de janvier “chaotique” et “incertain” attend le gouvernement Lecornu,"Après la pause parlementaire, les députés et les sénateurs s’apprêtent à reprendre le chemin de leur hémicycle respectif, lundi 5 janvier. Près de deux semaines après l’adoption de la loi spéciale pour éviter le blocage financier de l’État, les parlementaires…",https://focus.courrierinternational.com/2025/12/23/0/0/4672/3115/1200/630/60/0/34733f2_ftp-1-mnpjuaccr73k-afp-88wt2pj.jpg,2026-01-02T16:45:13Z,http://web.archive.org/web/20260102170044/https://www.courrierinternational.com/article/vu-d-espagne-un-mois-de-janvier-chaotique-et-incertain-attend-le-gouvernement-lecornu_238908,"La France na pas de budget, mais au moins, elle a un gouvernement, souligne El País. Un gouvernement qui affronte le début dannée le plus incertain quait connu le pays depuis longtemps. En effet, jan… [+1062 chars]",,fr,'Sébastien Lecornu'
https://www.lexpress.fr/societe/espionnage-americain-ce-que-la-france-savait-et-a-laisse-faire-VD6FDKD3O5AQ3GLZWPLFJFPDZQ/,https://www.lexpress.fr/societe/espionnage-americain-ce-que-la-france-savait-et-a-laisse-faire-VD6FDKD3O5AQ3GLZWPLFJFPDZQ/,0,www.lexpress.fr,Espionnage américain : ce que la France savait… et a laissé faire,"En 2013, la France apprend que les Etats-Unis ont écouté trois présidents de la République, de 2006 à 2012, notamment grâce à un dispositif situé sur le toit de leur ambassade à Paris. Dépendant de la CIA, le gouvernement n'ose pas riposter.",https://www.lexpress.fr/resizer/v2/QCLXNIJWNNHGJCQY65LM5OL2C4.JPG?auth=4445d3ead2eaf95a36a9e068a2585fe805a742acb405aca143dcc8a1740d6501&width=1200&height=630&quality=85&smart=true,2026-01-03T07:45:00Z,http://web.archive.org/web/20260103121826/https://www.lexpress.fr/societe/espionnage-americain-ce-que-la-france-savait-et-a-laisse-faire-VD6FDKD3O5AQ3GLZWPLFJFPDZQ/,"Réunion de crise à l'Elysée. En 2013, l'hebdomadaire allemand Der Spiegel feuilletonne sur l'affaire Edward Snowden. Ce sous-traitant de la NSA et de la CIA vient de révéler un système de surveillanc… [+7449 chars]",,fr,'président de la République'
https://www.franceinfo.fr/monde/venezuela/attaque-americaine-sur-le-venezuela/operation-militaire-americaine-au-venezuela-en-france-les-dirigeants-des-partis-de-gauche-condamnent_7718389.html,https://www.franceinfo.fr/monde/venezuela/attaque-americaine-sur-le-venezuela/operation-militaire-americaine-au-venezuela-en-france-les-dirigeants-des-partis-de-gauche-condamnent_7718389.html,0,www.franceinfo.fr,"Opération militaire américaine au Venezuela : en France, les dirigeants des partis de gauche condamnent","Jean-Luc Mélenchon, Marine Tondelier, Olivier Faure ont réagi samedi sur X, après l'opération menée par les Etats-Unis au Venezuela.",https://www.franceinfo.fr/pictures/kQCVyfmdJySX3I07khcMPcxhz6k/0x0:4837x2721/1500x843/2026/01/03/melcnch-6958f6fa4718f113131625.jpg,2026-01-03T11:03:25Z,http://web.archive.org/web/20260103184828/https://www.franceinfo.fr/monde/venezuela/attaque-americaine-sur-le-venezuela/operation-militaire-americaine-au-venezuela-en-france-les-dirigeants-des-partis-de-gauche-condamnent_7718389.html,"L'opération, menée dans la nuit de vendredi à samedi à Caracas, a été qualifiée de ""réussie"" par Donald Trump, qui a également annoncé la capture et l'exfiltration du président vénézuélien Nicolás Ma… [+2109 chars]",,fr,'Jean-Luc Mélenchon'
https://www.huffingtonpost.fr/politique/article/trump-capture-maduro-la-gauche-bien-seule-a-denoncer-l-agression-americaine-au-venezuela_258827.html,https://www.huffingtonpost.fr/politique/article/trump-capture-maduro-la-gauche-bien-seule-a-denoncer-l-agression-americaine-au-venezuela_258827.html,0,www.huffingtonpost.fr,"Trump « capture » Maduro, la gauche bien seule à dénoncer « l’agression » américaine au Venezuela",La France insoumise appelle la France à condamner « l’agression américaine » alors que Donald Trump revendique avoir capturé le président du Venezuela et son épouse.,https://focus.huffingtonpost.fr/2026/01/03/5/0/2000/1125/1820/1023/75/0/d37e6e2_upload-1-aj192wyzt9yw-afp-20251121-aa-22112025-2528944-v1-highres-studentdaycelebrationsincaracas.jpg,2026-01-03T11:20:54Z,http://web.archive.org/web/20260104193146/https://www.huffingtonpost.fr/politique/article/trump-capture-maduro-la-gauche-bien-seule-a-denoncer-l-agression-americaine-au-venezuela_258827.html,"EN BREFLes États-Unis ont mené des bombardements sur la capitale du Venezuela, et « capturé » le président Nicolás Maduro.Pour lheure, la France, comme la plupart des capitales européennes, na pas en… [+2937 chars]",,fr,'Donald Trump'
https://www.challenges.fr/politique/venezuela-la-gauche-francaise-denonce-lenlevement-de-maduro_635449,https://www.challenges.fr/politique/venezuela-la-gauche-francaise-denonce-lenlevement-de-maduro_635449,0,www.challenges.fr,Venezuela : la gauche française dénonce « l’enlèvement » de Maduro,"La gauche française a réagi samedi à l’annonce de Donald Trump, affirmant que les forces américaines avaient capturé et exfiltré Nicolás Maduro. Les dirigeants de La France insoumise (LFI) et du Parti socialiste (PS) ont dénoncé « l’enlèvement » du président …",https://www.challenges.fr/_ipx/f_jpg&w_1200&enlarge_true/cha/static/2026-01/46575.HR.jpeg%3FVersionId=8h8MpDqxZnwOPuMUW45eU7xo6eqSluLI,2026-01-03T11:22:00Z,http://web.archive.org/web/20260104174634/https://www.challenges.fr/politique/venezuela-la-gauche-francaise-denonce-lenlevement-de-maduro_635449,"Sur le réseau social X, Jean-Luc Mélenchon a fustigé une violation grave de la souveraineté vénézuélienne : « Les USA de Trump semparent du pétrole du Venezuela en violant sa souveraineté avec une in… [+2687 chars]",,fr,'Olivier Faure'
https://www.20minutes.fr/politique/4194155-20260103-venezuela-gauche-francaise-condamne-enlevement-maduro-met-sous-pression-macron,https://www.20minutes.fr/politique/4194155-20260103-venezuela-gauche-francaise-condamne-enlevement-maduro-met-sous-pression-macron,0,www.20minutes.fr,Venezuela : La gauche française condamne « l’enlèvement » de Maduro et met sous pression Macron,"La pression s’accroît sur Emmanuel Macron, qui n’avait toujours pas réagi vers 12h30, après la confirmation par les Etats-Unis de la capture du président vénézuélien",https://img.20mn.fr/8DS3HmxGS-2u2IRG-n2reyk/1444x920_founder-of-french-left-wing-la-france-insoumise-lfi-party-jean-luc-melenchon-attends-during-a-hearing-by-the-commission-of-inquiry-into-the-links-between-representatives-of-political-movements-and-organizations-propagating-islamist-ideology-at-the-national-assembly-in-paris-on-december-6-2025-a-stephane-lemouton-sipa-lemoutonstephane-251206a016-credit-stephane-lemouton-sipa-2512061529,2026-01-03T11:41:00Z,http://web.archive.org/web/20260103140745/https://www.20minutes.fr/politique/4194155-20260103-venezuela-gauche-francaise-condamne-enlevement-maduro-met-sous-pression-macron,"«La France, fidèle à ses valeurs, doit condamner avec la plus grande fermeté cette énième violation du droit international. » Cette réaction de la cheffe des Ecologistes Marine Tondelier est à limage… [+1806 chars]",,fr,'Olivier Faure'
https://www.franceinfo.fr/monde/venezuela/attaque-americaine-sur-le-venezuela/acte-d-agression-armee-grave-atteinte-a-la-souverainete-appel-a-la-retenue-les-reactions-internationales-apres-l-operation-militaire-americaine-au-venezuela_7718521.html,https://www.franceinfo.fr/monde/venezuela/attaque-americaine-sur-le-venezuela/acte-d-agression-armee-grave-atteinte-a-la-souverainete-appel-a-la-retenue-les-reactions-internationales-apres-l-operation-militaire-americaine-au-venezuela_7718521.html,0,www.franceinfo.fr,"""Agression illégale"", ""grave atteinte à la souveraineté"", ""enlèvement odieux""... Les réactions internationales après la capture de Nicolas Maduro au Venezuela",De nombreux dirigeants ont condamné l'opération militaire américaine qui a conduit à l'exfiltration du président vénézuélien annoncée par Donald Trump.,https://www.franceinfo.fr/pictures/7Ay1qhm2kg91WujqMhqdJpD2Fl0/0x0:5200x2923/1500x843/2026/01/03/075-molinaneto-lulamode251218-npd6x-6959227266f52827372394.jpg,2026-01-03T15:04:25Z,http://web.archive.org/web/20260103201156/https://www.franceinfo.fr/monde/venezuela/attaque-americaine-sur-le-venezuela/acte-d-agression-armee-grave-atteinte-a-la-souverainete-appel-a-la-retenue-les-reactions-internationales-apres-l-operation-militaire-americaine-au-venezuela_7718521.html,"Le Venezuela a demandé, samedi 3 janvier, une réunion d'urgence du Conseil de sécurité des Nations unies après l'opération militaire américaine qui a conduit à la capture du président Nicolas Maduro.… [+4880 chars]",,fr,'Nicolas Maduro'
https://www.bfmtv.com/politique/sebastien-lecornu-annonce-la-baisse-du-prix-de-l-abonnement-de-tous-les-contrats-de-fourniture-d-electricite-au-1er-fevrier_AN-202601030276.html,https://www.bfmtv.com/politique/sebastien-lecornu-annonce-la-baisse-du-prix-de-l-abonnement-de-tous-les-contrats-de-fourniture-d-electricite-au-1er-fevrier_AN-202601030276.html,0,www.bfmtv.com,"Sébastien Lecornu annonce la baisse du prix de l'abonnement de ""tous les contrats de fourniture d'électricité"" au 1er février",Le Premier ministre a annoncé la nouvelle sur une publication postée sur X ce samedi 3 janvier.,https://images.bfmtv.com/5a4wsK4WAkZFChidtyyWZoAlIuU=/0x40:768x472/768x0/images/Le-gouvernement-anticipe-une-stabilite-des-factures-d-electricite-pour-la-plupart-des-menages-pour-les-annees-2026-et-2027-malgre-la-fin-du-systeme-de-regulation-tres-avantageux-qui-s-eteint-au-31-decembre-2025-2205373.jpg,2026-01-03T18:23:19Z,http://web.archive.org/web/20260103192033/https://www.bfmtv.com/politique/sebastien-lecornu-annonce-la-baisse-du-prix-de-l-abonnement-de-tous-les-contrats-de-fourniture-d-electricite-au-1er-fevrier_AN-202601030276.html,"Le Premier ministre a annoncé la nouvelle sur une publication postée sur X ce samedi 3 janvier.
""Le prix de labonnement de tous les contrats de fourniture délectricité baisse au 1er février 2026"", a… [+339 chars]",,fr,'Sébastien Lecornu'
https://www.franceinfo.fr/monde/venezuela/attaque-americaine-sur-le-venezuela/capture-de-nicolas-maduro-la-reaction-d-emmanuel-macron-indigne-la-gauche_7718761.html,https://www.franceinfo.fr/monde/venezuela/attaque-americaine-sur-le-venezuela/capture-de-nicolas-maduro-la-reaction-d-emmanuel-macron-indigne-la-gauche_7718761.html,0,www.franceinfo.fr,Capture de Nicolas Maduro : la réaction d'Emmanuel Macron indigne la gauche,"Le président français s'est réjoui, sur X, de la chute de ""la dictature de Nicolas Maduro"" et a appelé à une ""transition pacifique et démocratique"", sans condamner l'intervention américaine au Venezuela.",https://www.franceinfo.fr/pictures/HPKcdcqWrFxPBYq2JhSJYBuVZXk/0x0:1024x576/1500x843/2026/01/03/macron-ue-69597d9becfbb487990347.jpg,2026-01-03T20:43:44Z,http://web.archive.org/web/20260104000504/https://www.franceinfo.fr/monde/venezuela/attaque-americaine-sur-le-venezuela/capture-de-nicolas-maduro-la-reaction-d-emmanuel-macron-indigne-la-gauche_7718761.html,"Une réaction attendue qui ne passe pas auprès de la gauche française. ""Le peuple vénézuélien est aujourdhui débarrassé de la dictature de Nicolás Maduro et ne peut que sen réjouir"", a assuré Emmanuel… [+2959 chars]",,fr,'Emmanuel Macron'
https://www.20minutes.fr/politique/4194176-20260103-capture-maduro-emmanuel-macron-prend-acte-fin-dictature-ulcere-gauche,https://www.20minutes.fr/politique/4194176-20260103-capture-maduro-emmanuel-macron-prend-acte-fin-dictature-ulcere-gauche,0,www.20minutes.fr,Capture de Maduro : Emmanuel Macron « prend acte » de la fin de la « dictature » et ulcère la gauche,"En France aussi, la capture de Nicolás Maduro par les Etats-Unis divise sur la scène politique. La réaction mi-figue mi-raison du président de la République a contribué à enflammer le débat",https://img.20mn.fr/4cF82W2SSGeMfCaFfpEuhSk/1444x920_la-reaction-d-emmanuel-macron-sur-x,2026-01-03T20:54:21Z,http://web.archive.org/web/20260103232643/https://www.20minutes.fr/politique/4194176-20260103-capture-maduro-emmanuel-macron-prend-acte-fin-dictature-ulcere-gauche,"Le sujet divise tant au niveau international que dans nos frontières. Ce samedi, Emmanuel Macron a « pris acte » de la fin de la « dictature Maduro », dont le « peuple vénézuélien » ne peut que se « … [+3481 chars]",,fr,'Emmanuel Macron'
https://www.challenges.fr/monde/une-honte-la-chute-de-maduro-divise-la-classe-politique-francaise_635476,https://www.challenges.fr/monde/une-honte-la-chute-de-maduro-divise-la-classe-politique-francaise_635476,0,www.challenges.fr,« Une honte » : la chute de Maduro divise la classe politique française,"Le fait qu’Emmanuel Macron se soit « réjouit » de « la fin de la dictature » au Venezuela a fait réagir une bonne partie de la classe politique. La gauche parle d’une « honte », et le RN d’un danger de « servitude ».",https://www.challenges.fr/_ipx/f_jpg&w_1200&enlarge_true/cha/static/2026-01/46583.HR.jpg%3FVersionId=C3inCnTIP1zT3wQhah9TB.XZZFh6T3nP,2026-01-03T21:49:00Z,,"Le président de la République Emmanuel Macron a « pris acte » de la fin de la « dictature Maduro », dont le « peuple vénézuélien » ne peut que se « réjouir ». Une position qualifiée de « honte » par … [+4378 chars]",,fr,'Olivier Faure'
https://www.franceinfo.fr/monde/venezuela/attaque-americaine-sur-le-venezuela/capture-de-nicolas-maduro-au-venezuela-emmanuel-macron-prend-acte-de-la-fin-de-la-dictature-et-appelle-a-une-transition-pacifique-et-democratique_7718803.html,https://www.franceinfo.fr/monde/venezuela/attaque-americaine-sur-le-venezuela/capture-de-nicolas-maduro-au-venezuela-emmanuel-macron-prend-acte-de-la-fin-de-la-dictature-et-appelle-a-une-transition-pacifique-et-democratique_7718803.html,0,www.franceinfo.fr,"Capture de Nicolas Maduro au Venezuela : Emmanuel Macron ""prend acte"" de la fin de la ""dictature"" et appelle à une ""transition pacifique et démocratique""","Le chef de l'Etat appelle à une ""transition pacifique et démocratique"", menée par l'opposant vénézuélien Edmundo Gonzalez Urrutia.",https://www.franceinfo.fr/pictures/Zp3NZAbJ6IkGLXhOBgpJDf-n0DE/0x14:1024x590/1500x843/2026/01/03/075-economou-notitle251219-npisw-69598294e97a0854846259.jpg,2026-01-03T21:56:03Z,http://web.archive.org/web/20260104160632/https://www.franceinfo.fr/monde/venezuela/attaque-americaine-sur-le-venezuela/capture-de-nicolas-maduro-au-venezuela-emmanuel-macron-prend-acte-de-la-fin-de-la-dictature-et-appelle-a-une-transition-pacifique-et-democratique_7718803.html,"Emmanuel Macron a ""pris acte"" de la fin de la ""dictature Maduro"", dont le ""peuple vénézuélien"" ne peut que se ""réjouir"", dans un message publié samedi 3 janvier sur X. ""En confisquant le pouvoir et e… [+890 chars]",,fr,'Emmanuel Macron'
https://www.bfmtv.com/politique/elysee/capture-de-nicolas-maduro-la-reaction-d-emmanuel-macron-ulcere-la-gauche_AD-202601030320.html,https://www.bfmtv.com/politique/elysee/capture-de-nicolas-maduro-la-reaction-d-emmanuel-macron-ulcere-la-gauche_AD-202601030320.html,0,www.bfmtv.com,Capture de Nicolás Maduro: la réaction d'Emmanuel Macron ulcère la gauche,"La gauche, du PCF au Parti socialiste en passant par La France insoumise, a fait part ce samedi de son agacement à la suite des propos d'Emmanuel Macron sur la capture de Nicolás Maduro. Ce dernier n'ayant pas évoqué les attaques américaines.",https://images.bfmtv.com/0RVZ6MRkCPE5o9CXsjvWMCJlF2c=/0x47:768x479/768x0/images/Le-president-francais-Emmanuel-Macron-parle-lors-d-une-conference-de-presse-a-l-Elysee-a-Paris-le-25-novembre-2025-2201646.jpg,2026-01-03T22:20:09Z,http://web.archive.org/web/20260104002436/https://www.bfmtv.com/politique/elysee/capture-de-nicolas-maduro-la-reaction-d-emmanuel-macron-ulcere-la-gauche_AD-202601030320.html,"La gauche, du PCF au Parti socialiste en passant par La France insoumise, a fait part ce samedi de son agacement à la suite des propos d'Emmanuel Macron sur la capture de Nicolás Maduro. Ce dernier n… [+3489 chars]",,fr,'Olivier Faure'
https://www.huffingtonpost.fr/politique/article/elections-municipales-campagne-presidentielle-tout-ce-qui-attend-la-classe-politique-en-2026_258688.html,https://www.huffingtonpost.fr/politique/article/elections-municipales-campagne-presidentielle-tout-ce-qui-attend-la-classe-politique-en-2026_258688.html,0,www.huffingtonpost.fr,"Élections municipales, campagne présidentielle... Tout ce qui attend la classe politique en 2026","Pour la dernière année pleine d’Emmanuel Macron à l’Élysée, plusieurs événements devraient jalonner l’actualité politique.",https://focus.huffingtonpost.fr/2025/12/29/174/0/7431/4179/1820/1023/75/0/9d08d2b_upload-1-v67bg5qzt6cn-afp-20251218-88hy7tk-v1-highres-belgiumeucouncilpoliticsdiplomacy.jpg,2026-01-04T05:00:12Z,http://web.archive.org/web/20260104100312/https://www.huffingtonpost.fr/politique/article/elections-municipales-campagne-presidentielle-tout-ce-qui-attend-la-classe-politique-en-2026_258688.html,"EN BREFEn 2026, les élections municipales en mars et une possible primaire de la gauche à lautomne marqueront lannée politique en France.Les résultats des municipales influenceront la campagne présid… [+5140 chars]",,fr,'Emmanuel Macron'
https://www.huffingtonpost.fr/politique/article/venezuela-la-reaction-de-macron-a-la-capture-de-maduro-saluee-par-trump-etrillee-en-france_258846.html,https://www.huffingtonpost.fr/politique/article/venezuela-la-reaction-de-macron-a-la-capture-de-maduro-saluee-par-trump-etrillee-en-france_258846.html,0,www.huffingtonpost.fr,"Venezuela : La réaction de Macron à la capture de Maduro saluée par Trump, étrillée en France","Moins offensif que son ministre des Affaires étrangères, le président de la République a salué la chute du président vénézuélien, sans s’arrêter sur les conditions de sa « capture. »",https://focus.huffingtonpost.fr/2025/12/15/69/0/2266/1275/1820/1023/75/0/22f4315_upload-1-3duhpgg7iimv-afp-20251211-87uc44c-v1-highres-franceukrainerussiaconflict.jpg,2026-01-04T07:08:25Z,,"Pas prophète en son pays. Emmanuel Macron a « pris acte » samedi 3 janvier de la fin de la « dictature Maduro », dont le « peuple vénézuélien » ne peut que se « réjouir », dit-il. Une position relayé… [+4473 chars]",,fr,'président de la République'
https://www.lexpress.fr/politique/pedro-sanchez-le-chouchou-de-la-gauche-francaise-ses-liens-avec-olivier-faure-la-fascination-de-jean-JFMK5RBCY5BYLNWPKUR6GQT3UU/,https://www.lexpress.fr/politique/pedro-sanchez-le-chouchou-de-la-gauche-francaise-ses-liens-avec-olivier-faure-la-fascination-de-jean-JFMK5RBCY5BYLNWPKUR6GQT3UU/,0,www.lexpress.fr,"Pedro Sanchez, le chouchou de la gauche française : ses liens avec Olivier Faure, la fascination de Jean-Luc Mélenchon","Olivier Faure, Raphaël Glucksmann, et même Jean-Luc Mélenchon… La gauche française a les yeux de Chimène pour ce Premier ministre, un brin mythifié.",https://www.lexpress.fr/resizer/v2/TYHVLOXGRJBWBONA4UNXUG23IA.JPG?auth=a8d493e12631f1e227768cfc75266f5eeeb0a89961f0d962d648a4111529cd02&width=1200&height=630&quality=85&smart=true,2026-01-04T07:45:00Z,http://web.archive.org/web/20260104102615/https://www.lexpress.fr/politique/pedro-sanchez-le-chouchou-de-la-gauche-francaise-ses-liens-avec-olivier-faure-la-fascination-de-jean-JFMK5RBCY5BYLNWPKUR6GQT3UU/,"""Cest vrai que tu envisages de quitter le pouvoir ?"" Sébastien Lecornu nest pas lunique Premier ministre avec lequel Olivier Faure sentretient. En quête de stature et dinspiration présidentielle, le … [+10541 chars]",,fr,'Olivier Faure'
https://www.lemonde.fr/politique/article/2026/01/04/venezuela-emmanuel-macron-prend-acte-de-la-fin-de-la-dictature-et-ulcere-la-gauche_6660510_823448.html,https://www.lemonde.fr/politique/article/2026/01/04/venezuela-emmanuel-macron-prend-acte-de-la-fin-de-la-dictature-et-ulcere-la-gauche_6660510_823448.html,0,www.lemonde.fr,Venezuela : Emmanuel Macron « prend acte » de la fin de la « dictature » et ulcère la gauche,"La position du président français, qui n’a pas condamné l’opération américaine, a été qualifiée de « honte » par la gauche qui accuse le président français de piétiner le droit international et de complaisance envers les États-Unis.",https://img.lemde.fr/2026/01/03/0/0/6000/4000/1440/960/60/0/3067403_ftp-1-bbc53fd5u0gq-2026-01-03t173920z-677065932-rc2ttia7g3fn-rtrmadp-3-usa-venezuela-france-protest.JPG,2026-01-04T09:51:08Z,http://web.archive.org/web/20260104195240/https://www.lemonde.fr/politique/article/2026/01/04/venezuela-emmanuel-macron-prend-acte-de-la-fin-de-la-dictature-et-ulcere-la-gauche_6660510_823448.html,"Manifestation place de la République, à Paris, contre lopération militaire américaine et la capture du président Nicolas Madura, samedi 3 janvier 2026. ABDUL SABOOR / REUTERS
Emmanuel Macron a « pri… [+4987 chars]",,fr,'Olivier Faure'
https://www.lemonde.fr/economie/article/2026/01/04/la-france-va-suspendre-l-importation-de-produits-contenant-des-residus-de-substances-interdites-en-europe-annonce-sebastien-lecornu_6660516_3234.html,https://www.lemonde.fr/economie/article/2026/01/04/la-france-va-suspendre-l-importation-de-produits-contenant-des-residus-de-substances-interdites-en-europe-annonce-sebastien-lecornu_6660516_3234.html,0,www.lemonde.fr,"La France va suspendre l’importation de produits contenant des résidus de substances interdites en Europe, annonce Sébastien Lecornu","Les syndicats agricoles, qui rencontreront le premier ministre en début de semaine, entendent relancer la mobilisation, notamment contre l’accord de libre-échange entre l’Union européenne et le Mercosur qui doit officiellement être signé en janvier.",https://img.lemde.fr/2025/12/30/0/0/9504/6336/1440/960/60/0/3c5170e_ftp-1-lkk5l5jsm8bn-5772304-01-06.jpg,2026-01-04T12:04:56Z,http://web.archive.org/web/20260105031849/https://www.lemonde.fr/economie/article/2026/01/04/la-france-va-suspendre-l-importation-de-produits-contenant-des-residus-de-substances-interdites-en-europe-annonce-sebastien-lecornu_6660516_3234.html,Les membres des syndicats agricoles de la Confédération rurale (CR) et de la Confédération paysanne remplissent des caddies de produits importés lors dune action visant à dénoncer limportation de pro… [+2786 chars],,fr,'Sébastien Lecornu'
https://www.huffingtonpost.fr/politique/article/face-au-mercosur-le-gouvernement-donne-un-nouveau-gage-pour-calmer-la-colere-agricole_258853.html,https://www.huffingtonpost.fr/politique/article/face-au-mercosur-le-gouvernement-donne-un-nouveau-gage-pour-calmer-la-colere-agricole_258853.html,0,www.huffingtonpost.fr,"Face au Mercosur, le gouvernement donne un nouveau gage pour calmer la colère agricole",Sébastien Lecornu a annoncé un arrêté pour interdire l’entrée de certains produits venant d’Amérique du Sud en France.,https://focus.huffingtonpost.fr/2025/12/18/62/0/1200/675/1820/1023/75/0/2559063_upload-1-jmxvykqv6rhm-afp-20251205-877x8dh-v1-midres-francepoliticsparliamentbudget.jpg,2026-01-04T12:51:12Z,http://web.archive.org/web/20260104161721/https://www.huffingtonpost.fr/politique/article/face-au-mercosur-le-gouvernement-donne-un-nouveau-gage-pour-calmer-la-colere-agricole_258853.html,"EN BREFLe gouvernement essaie de calmer la colère agricole, après une fin dannée marquée par la crise de la dermatose nodulaire.Sébastien Lecornu et Annie Genevard annoncent une mesure pour renforcer… [+2396 chars]",,fr,'Sébastien Lecornu'
https://www.franceinfo.fr/economie/crise/blocus-des-agriculteurs/dermatose-nodulaire/crise-agricole-des-convois-pacifiques-de-tracteurs-en-route-vers-paris-a-l-appel-de-la-coordination-rurale_7721464.html,https://www.franceinfo.fr/economie/crise/blocus-des-agriculteurs/dermatose-nodulaire/crise-agricole-des-convois-pacifiques-de-tracteurs-en-route-vers-paris-a-l-appel-de-la-coordination-rurale_7721464.html,0,www.franceinfo.fr,"Crise agricole : des ""convois pacifiques"" de tracteurs en route vers Paris à l'appel de la Coordination rurale","Un grand rassemblement est prévu le 8 janvier à Paris. Les agriculteurs ont ""un cahier de doléances"" à présenter au Premier ministre qui reçoit lundi soir les syndicats.",https://www.franceinfo.fr/pictures/5W1CiVUIF3rHCy_wZqtYCNSE-tQ/0x53:1024x629/1500x843/2026/01/05/000-88n67qv-695b65fcdfa0e892702064.jpg,2026-01-05T07:22:35Z,,"""Le but n'est pas d'empêcher dans un premier temps les gens d'aller travailler"", assure lundi 5 janvier sur franceinfo Bertrand Venteau, président de la Coordination rurale (CR), qui organise une mon… [+2541 chars]",,fr,'Sébastien Lecornu'
https://www.challenges.fr/entreprise/agriculture/colere-agricole-sebastien-lecornu-recoit-les-syndicats-pour-essayer-deviter-une-nouvelle-crise_635567,https://www.challenges.fr/entreprise/agriculture/colere-agricole-sebastien-lecornu-recoit-les-syndicats-pour-essayer-deviter-une-nouvelle-crise_635567,0,www.challenges.fr,Colère agricole : Sébastien Lecornu reçoit les syndicats pour essayer d’éviter une nouvelle crise,"Le Premier ministre va recevoir lundi et mardi les syndicats d’agriculteurs, alors que le gouvernement tente d’écarter une reprise des mobilisations qui ont marqué ces dernières semaines. Accord de libre-échange UE-Mercosur, épizootie de dermatose nodulaire c…",https://www.challenges.fr/_ipx/f_jpg&w_1200&enlarge_true/cha/static/2026-01/46602.HR.jpg%3FVersionId=SK1bo31VHn9jsBa2T5oISE1Dn3yzQYap,2026-01-05T08:27:00Z,,"Le gouvernement se retrouve face à un défi de taille en ce début dannée 2026 : tenter décarter la menace dun troisième hiver de colère paysanne, alors que les syndicats dagriculteurs annoncent déjà s… [+4535 chars]",,fr,'Sébastien Lecornu'
https://www.franceinfo.fr/politique/gouvernement-de-sebastien-lecornu/crise-agricole-sebastien-lecornu-adresse-une-lettre-aux-agriculteurs_7721617.html,https://www.franceinfo.fr/politique/gouvernement-de-sebastien-lecornu/crise-agricole-sebastien-lecornu-adresse-une-lettre-aux-agriculteurs_7721617.html,0,www.franceinfo.fr,Crise agricole : Sébastien Lecornu adresse une lettre aux agriculteurs,"""Notre boussole est désormais assumée : mettre fin aux deux poids deux mesures"", a écrit le Premier ministre Sébastien Lecornu dans une lettre ouverte aux agriculteurs, publiée dimanche 4 janvier.",https://www.franceinfo.fr/pictures/yj8fp7Ppd6weCeQYngPRoI5MLW8/0x14:1033x597/1500x843/2026/01/05/sebastien-lecornu-agriculteurs-695b895a80e44171425327.jpg,2026-01-05T09:51:41Z,,"""Notre boussole est désormais assumée : mettre fin aux deux poids deux mesures"", a écrit le Premier ministre Sébastien Lecornu dans une lettre ouverte aux agriculteurs, publiée dimanche 4 janvier.
C… [+1402 chars]",,fr,'Sébastien Lecornu'
https://www.lemonde.fr/politique/article/2026/01/05/budget-2026-les-representants-des-groupes-parlementaires-recus-mardi-a-bercy-sauf-la-france-insoumise-et-le-rassemblement-national_6660652_823448.html,https://www.lemonde.fr/politique/article/2026/01/05/budget-2026-les-representants-des-groupes-parlementaires-recus-mardi-a-bercy-sauf-la-france-insoumise-et-le-rassemblement-national_6660652_823448.html,0,www.lemonde.fr,"Budget 2026 : les représentants des groupes parlementaires reçus mardi à Bercy, sauf La France insoumise et le Rassemblement national",Cette nouvelle réunion doit se tenir deux jours avant le retour du texte devant la commission des finances de l’Assemblée nationale.,https://img.lemde.fr/2026/01/05/0/0/3672/2448/1440/960/60/0/c61da57_ftp-1-bj28dagapedz-5806152-01-06.jpg,2026-01-05T17:37:03Z,,"Le ministre léconomie et des finances, Roland Lescure, le premier ministre, Sébastien Lecornu, et la ministre chargée des comptes publics, Amélie de Montchalin, quittent le palais présidentiel de lEl… [+2366 chars]",,fr,'nan nan'
https://www.lemonde.fr/economie/article/2026/01/05/crise-agricole-les-blocages-des-agriculteurs-reprennent-sur-les-autoroutes-en-lozere-en-haute-garonne-et-en-isere_6660661_3234.html,https://www.lemonde.fr/economie/article/2026/01/05/crise-agricole-les-blocages-des-agriculteurs-reprennent-sur-les-autoroutes-en-lozere-en-haute-garonne-et-en-isere_6660661_3234.html,0,www.lemonde.fr,"Crise agricole : les blocages des agriculteurs reprennent sur les autoroutes en Lozère, en Haute-Garonne et en Isère","Le premier ministre, Sébastien Lecornu, a reçu à Matignon une partie des syndicats agricoles, lundi, et rencontrera, mardi, la FNSEA et la Confédération paysanne alors que les sujets de discordes sont nombreux, en particulier concernant la gestion gouvernemen…",https://img.lemde.fr/2026/01/05/0/0/7575/5050/1440/960/60/0/0f87f08_ftp-1-2r3far511gin-5806738-01-06.jpg,2026-01-05T18:45:57Z,,"Des agriculteurs bloquent le périphérique, à Caen, le 5 janvier 2026. LOU BENOIST / AFP
Les tracteurs sont lancés et la mobilisation des agriculteurs a repris, lundi 5 janvier, pour faire pression s… [+4991 chars]",,fr,'nan nan'
https://www.ledauphine.com/economie/2026/01/05/on-montera-a-paris-malgre-les-promesses-du-gouvernement-la-colere-agricole-ne-retombe-pas,https://www.ledauphine.com/economie/2026/01/05/on-montera-a-paris-malgre-les-promesses-du-gouvernement-la-colere-agricole-ne-retombe-pas,0,www.ledauphine.com,"Agriculture. « On montera à Paris » : malgré les promesses du gouvernement, la colère agricole ne retombe pas","En dépit des annonces, une lettre ouverte et des entrevues à Matignon entre le Premier ministre et les syndicats ce lundi, les agriculteurs sont toujours aussi remontés.",https://cdn-s-www.ledauphine.com/images/ACC678AA-14FB-478C-9398-B8B056ADC769/FB1200/photo-1767643027.jpg,2026-01-05T20:10:00Z,,"Rien ne semble pouvoir calmer la colère des agriculteurs. À la sortie de sa réunion avec le Premier ministre Sébastien Lecornu ce lundi, Bertrand Venteau, président de la Coordination rurale, a maint… [+2735 chars]",,fr,'Premier ministre'
https://www.huffingtonpost.fr/france/video/des-agriculteurs-sont-en-route-vers-paris-des-arretes-pris-pour-bloquer-les-tracteurs_258910.html,https://www.huffingtonpost.fr/france/video/des-agriculteurs-sont-en-route-vers-paris-des-arretes-pris-pour-bloquer-les-tracteurs_258910.html,0,www.huffingtonpost.fr,"Des agriculteurs sont en route vers Paris, des arrêtés pris pour bloquer les tracteurs",Ces mesures interviennent alors que les syndicats du monde agricole ont commencé à être reçus par le Premier ministre Sébastien Lecornu.,https://focus.huffingtonpost.fr/2026/01/05/0/0/4943/2780/1820/1023/75/0/51968e4_upload-1-7narp6dshm7u-afp-20260105-hl-rdoucelin-3007652-v1-highres-francefarmersatthereventinvaugrism.jpg,2026-01-05T20:15:13Z,http://web.archive.org/web/20260106011424/https://www.huffingtonpost.fr/france/video/des-agriculteurs-sont-en-route-vers-paris-des-arretes-pris-pour-bloquer-les-tracteurs_258910.html,"La crainte dune paralysie tandis que la neige provoque déjà le chaos sur les routes à Paris. Alors que des agriculteurs ont commencé à prendre la route vers la capitale, dès la nuit de dimanche à lun… [+3651 chars]",,fr,'Sébastien Lecornu'
https://www.20minutes.fr/economie/4194435-20260106-budget-2026-pourquoi-sebastien-lecornu-toutes-peines-monde-finir-etat-obese,https://www.20minutes.fr/economie/4194435-20260106-budget-2026-pourquoi-sebastien-lecornu-toutes-peines-monde-finir-etat-obese,0,www.20minutes.fr,Budget 2026 : Pourquoi Sébastien Lecornu aura-t-il toutes les peines du monde à en finir avec « l’Etat obèse » ?,"Le Premier ministre Sébastien Lecornu est bien décidé à en finir avec « l’Etat obèse », dont la dépense publique est largement supérieure à la moyenne européenne. Mais beaucoup de politiques ont déjà parlé de réduire notre budget, sans résultat…",https://img.20mn.fr/H_eLB7rdTniRioKaUmKx6Ck/1444x920_avec-57-de-depenses-publiques-dans-son-pib-l-etat-francais-est-juge-obese-par-sebastien-lecornu-qui,2026-01-06T05:02:40Z,,"Comme après chaque réveillon, environ un tiers des Français a pris comme résolution de perdre du poids. Nouveauté 2026, on comptera parmi eux le Premier ministre lui-même. Sébastien Lecornu est en ef… [+4711 chars]",,fr,'Sébastien Lecornu'
https://www.ledauphine.com/economie/2026/01/06/sebastien-lecornu-poursuit-ses-consultations-pour-eviter-l-escalade,https://www.ledauphine.com/economie/2026/01/06/sebastien-lecornu-poursuit-ses-consultations-pour-eviter-l-escalade,0,www.ledauphine.com,Agriculture. Sébastien Lecornu poursuit ses consultations pour éviter l'escalade,"Après les Jeunes agriculteurs et la Coordination rurale, c'est au tour de la FNSEA et de la Confédération paysanne d'être reçues mardi, respectivement à 17h30 et 19h, par le Premier ministre Sébastien Lecornu à Matignon.",https://cdn-s-www.ledauphine.com/images/85D25372-B4C8-41B0-A86E-B1C68368C997/FB1200/photo-1767682032.jpg,2026-01-06T06:47:00Z,,"Le gouvernement poursuit mardi ses consultations avec les agriculteurs, dont ceux de la puissante FNSEA, espérant calmer la contestation, alors que sur le terrain les autorités interdisent les déplac… [+1536 chars]",,fr,'Premier ministre'
https://www.franceinfo.fr/economie/crise/blocus-des-agriculteurs/dermatose-nodulaire/crise-agricole-le-point-sur-les-actions-des-agriculteurs-en-cours-ce-mardi_7723507.html,https://www.franceinfo.fr/economie/crise/blocus-des-agriculteurs/dermatose-nodulaire/crise-agricole-le-point-sur-les-actions-des-agriculteurs-en-cours-ce-mardi_7723507.html,0,www.franceinfo.fr,Crise agricole : le point sur les actions des agriculteurs en cours ce mardi,"Après les Jeunes agriculteurs et la Coordination rurale lundi, Sébastien Lecornu reçoit mardi la FNSEA et la Confédération paysanne. Mais sur le terrain, les agriculteurs ne démobilisent pas, en dépit des interdictions de déplacements de tracteurs lancées par…",https://www.franceinfo.fr/pictures/MjCcsSaCdiS7l_1nN8e16ATDY9Y/0x378:4032x2646/1500x843/2026/01/06/dnc-et-mercosur-mort-de-l-elevage-panneau-695cb05a41317893599539.jpg,2026-01-06T06:55:06Z,,"Les agriculteurs se mobilisent de nouveau mardi 6 janvier pour contester l'accord de libre-échange avec les États du Mercosur, la politique agricole commune (PAC) européenne ou encore la stratégie go… [+2694 chars]",,fr,'Sébastien Lecornu'
https://www.franceinfo.fr/replay-magazine/franceinfo/l-invite-politique/l-invite-politique-du-mardi-6-janvier-2026_7723666.html,https://www.franceinfo.fr/replay-magazine/franceinfo/l-invite-politique/l-invite-politique-du-mardi-6-janvier-2026_7723666.html,0,www.franceinfo.fr,"Budget 2026 : ""La poursuite de la loi spéciale, c'est la pire des choses. Ça n'a que trop duré"", estime Jérôme Guedj, député PS de l'Essonne","""Tout le monde a en tête le fait que personne n'a envie de voter ce budget-là"", rappelle l'élu socialiste, invité politique de ""La Matinale"", avant le rendez-vous des groupes parlementaires au ministère de l'Économie et des Finances en fin d'après-midi, mardi…",https://www.franceinfo.fr/pictures/i7rktJ5JFWn87VoKGGgKJvqyrBM/31x0:1480x815/1500x843/2026/01/06/invite-politique-0601-695cd8d3e75e3905316543.jpg,2026-01-06T08:52:06Z,,"""Tout le monde a en tête le fait que personne n'a envie de voter ce budget-là"", rappelle l'élu socialiste, invité politique de ""La Matinale"", avant le rendez-vous des groupes parlementaires au minist… [+5921 chars]",,fr,'Sébastien Lecornu'
https://www.latribune.fr/article/climat/70100469097112/la-volte-face-de-l-italie-ouvre-la-voie-a-la-signature-de-l-accord-mercosur,https://www.latribune.fr/article/climat/70100469097112/la-volte-face-de-l-italie-ouvre-la-voie-a-la-signature-de-l-accord-mercosur,0,www.latribune.fr,La volte-face de l’Italie ouvre la voie à la signature de l’accord Mercosur,"En lâchant le front du refus mené par la France, l'Italie de Giorgia Meloni redistribue les cartes à Bruxelles. Privée de son principal allié, la France peut-elle encore empêcher la signature d'un traité qu'elle juge inacceptable pour ses agriculteurs ?","https://pictures.latribune.fr/cdn-cgi/image/format=auto,width=1200,height=675/media/melody/2026/01/06/la-premiere-ministre-italienne-giorgia-meloni-s-exprime-devant-la-chambre-des-deputes-a-rome-en-amon-1767692225_b55cd22ecc596f95cd22ecc594e5cdv_.jpg",2026-01-06T09:37:07Z,,"Emmanuel Macron serait-il sur le point de perdre son bras-de-fer avec la Commission sur le traité Mercosur ? Peut-être bien. LItalie, selon des sources à Bruxelles, serait désormais prête à signer la… [+3882 chars]",,fr,'Sébastien Lecornu'
https://www.nouvelobs.com/economie/20260106.OBS111241/pesticides-interdits-sur-les-avocats-lecornu-se-contente-de-dire-qu-il-va-faire-appliquer-la-loi.html,https://www.nouvelobs.com/economie/20260106.OBS111241/pesticides-interdits-sur-les-avocats-lecornu-se-contente-de-dire-qu-il-va-faire-appliquer-la-loi.html,0,www.nouvelobs.com,Pesticides interdits sur les avocats : « Lecornu se contente de dire qu’il va faire appliquer la loi »,"Dans un souci d’apaisement de la colère agricole, le Premier ministre a annoncé l’interdiction d’entrée des fruits et légumes contenant des résidus de pesticides interdits dans l’Union européenne. Décryptage avec Christian Huyghe, ancien directeur scientifiqu…",https://focus.nouvelobs.com/2026/01/06/1/177/4137/2758/1200/800/0/0/2c1d476_upload-1-s6v5fdepxqzf-080-hl-fgarenzi-1977594.jpg,2026-01-06T13:30:08Z,,"Au rayon fruits et légumes dun supermarché, à Paris, en février 2023. FIORA GARENZI/HANS LUCAS VIA AFP
Commenter
 Lire plus tard 
Google Actualités
Partager
 Sabonner pour lire 
Dans sa grande … [+1092 chars]",,fr,'Sébastien Lecornu'
https://www.bfmtv.com/politique/gouvernement/tout-est-illegal-dans-cette-affaire-sebastien-lecornu-denonce-l-operation-militaire-americaine-au-venezuela-et-appelle-a-une-transition-democratique_AD-202601060634.html,https://www.bfmtv.com/politique/gouvernement/tout-est-illegal-dans-cette-affaire-sebastien-lecornu-denonce-l-operation-militaire-americaine-au-venezuela-et-appelle-a-une-transition-democratique_AD-202601060634.html,0,www.bfmtv.com,"""Tout est illégal dans cette affaire"": Sébastien Lecornu dénonce l'opération militaire américaine au Venezuela et appelle à une transition démocratique","Le Premier ministre français a jugé ""illégale"" l'opération militaire américaine qui a mené à la capture du président vénézuélien. Il a promis qu'un débat ""aura lieu"" au Parlement à ce sujet, comme demandé par plusieurs groupes de députés.",https://images.bfmtv.com/LnmrkPqay2stmQj8zBsBH4u3y0I=/0x212:2048x1364/2048x0/images/Le-Premier-ministre-Sebastien-Lecornu-le-14-octobre-2025-a-Matignon-2154656.jpg,2026-01-06T15:08:49Z,,"Le Premier ministre français a jugé ""illégale"" l'opération militaire américaine qui a mené à la capture du président vénézuélien. Il a promis qu'un débat ""aura lieu"" au Parlement à ce sujet, comme de… [+2709 chars]",,fr,'Premier ministre'
https://www.huffingtonpost.fr/politique/article/l-absence-du-pcf-et-des-ecologistes-a-une-reunion-sur-le-budget-sont-de-mauvais-augure-pour-lecornu_258937.html,https://www.huffingtonpost.fr/politique/article/l-absence-du-pcf-et-des-ecologistes-a-une-reunion-sur-le-budget-sont-de-mauvais-augure-pour-lecornu_258937.html,0,www.huffingtonpost.fr,L’absence du PCF et des Écologistes à une réunion sur le budget sont de mauvais augure pour Lecornu,"Hormis le Parti socialiste, tous les groupes de gauche ont refusé de se rendre à un rendez-vous à Bercy pour discuter du budget. Jean-Luc Mélenchon se dit « heureux ».",https://focus.huffingtonpost.fr/2025/12/09/0/0/2953/1661/1820/1023/75/0/9b736c3_upload-1-e0i66gs5dafv-afp-20251205-877x8em-v1-highres-francepoliticsparliamentbudget.jpg,2026-01-06T16:20:15Z,http://web.archive.org/web/20260106174352/https://www.huffingtonpost.fr/politique/article/l-absence-du-pcf-et-des-ecologistes-a-une-reunion-sur-le-budget-sont-de-mauvais-augure-pour-lecornu_258937.html,"EN BREFLes groupes de gauche, sauf le PS, boycottent une réunion sur le budget à Bercy.Les Écologistes et les communistes critiquent le budget pour son impact sur les services publics et refusent de … [+3534 chars]",,fr,'Sébastien Lecornu'
https://www.latribune.fr/article/economie/finances-publiques/62658551531097/ingenierie-propagande-electorale-ce-qui-est-prevu-pour-les-elus-en-matiere-de-simplification,https://www.latribune.fr/article/economie/finances-publiques/62658551531097/ingenierie-propagande-electorale-ce-qui-est-prevu-pour-les-elus-en-matiere-de-simplification,0,www.latribune.fr,"Ingénierie, propagande électorale...  Ce qui est prévu pour les élus en matière de simplification",Le Premier ministre vient d'écrire à ses ministres sur le thème de l'efficacité de l'action publique. Sébastien Lecornu attend d'eux qu'ils se saisissent d'enjeux transversaux et de mesures sectorielles d'ici aux élections municipales de mars. Des sujets en l…,"https://pictures.latribune.fr/cdn-cgi/image/format=auto,width=1200,height=675/media/melody/2025/11/24/france-s-prime-minister-sebastien-lecornu-delivers-a-speech-at-the-107th-mayors-congress-congres-des-1763982316_7aa45db934296bfa45db9342993b45v_.jpg",2026-01-06T17:00:02Z,,"Depuis sa nomination, le Premier ministre na quun seul mot à la bouche : « simplification ». Début janvier, Sébastien Lecornu a ainsi écrit à ses ministres sur le thème de lefficacité de laction publ… [+791 chars]",,fr,'Premier ministre'
https://www.lemonde.fr/politique/article/2026/01/06/retour-sur-2025-la-methode-du-compromis-de-sebastien-lecornu-a-l-epreuve-de-la-crise-institutionnelle_6660770_823448.html,https://www.lemonde.fr/politique/article/2026/01/06/retour-sur-2025-la-methode-du-compromis-de-sebastien-lecornu-a-l-epreuve-de-la-crise-institutionnelle_6660770_823448.html,0,www.lemonde.fr,Retour sur 2025 : la méthode du compromis de Sébastien Lecornu à l’épreuve de la crise institutionnelle,"Cinquième premier ministre depuis 2022, le Normand a décidé de ne pas recourir au 49.3 pour gouverner, préférant s’en remettre au débat parlementaire.",https://img.lemde.fr/2025/12/10/0/0/5899/3933/1440/960/60/0/f7ee1c4_upload-1-pamsk6vsu56q-jmug251209023.jpg,2026-01-06T17:00:12Z,,"Le premier ministre, Sébastien Lecornu, lors de la séance des questions au gouvernement, à lAssemblée nationale, à Paris, le 9 décembre 2025. JULIEN MUGUET POUR « LE MONDE »
Il y a des signes qui ne… [+1127 chars]",,fr,'Sébastien Lecornu'
https://www.lemonde.fr/politique/article/2026/01/09/sebastien-lecornu-a-demande-au-ministre-de-l-interieur-d-etudier-l-organisation-de-legislatives-anticipees-aux-dates-des-elections-municipales_6661221_823448.html,https://www.lemonde.fr/politique/article/2026/01/09/sebastien-lecornu-a-demande-au-ministre-de-l-interieur-d-etudier-l-organisation-de-legislatives-anticipees-aux-dates-des-elections-municipales_6661221_823448.html,0,www.lemonde.fr,Sébastien Lecornu a demandé au ministre de l’intérieur d’étudier l’organisation de législatives anticipées aux dates des élections municipales,"Selon une source au sein de l’exécutif au « Monde », le premier ministre et le président envisagent une dissolution de l’Assemblée nationale en cas de censure du gouvernement. Le RN et LFI ont, chacun de leur côté, déposé une motion en ce sens.",https://img.lemde.fr/2025/12/16/0/0/5863/3909/1440/960/60/0/9b80c2e_ftp-1-1l31i7uuz0sa-2025-12-16t144800z-951397955-rc2qhiar80g5-rtrmadp-3-france-politics.JPG,2026-01-09T20:13:27Z,http://web.archive.org/web/20260110201654/https://www.lemonde.fr/politique/article/2026/01/09/sebastien-lecornu-a-demande-au-ministre-de-l-interieur-d-etudier-l-organisation-de-legislatives-anticipees-aux-dates-des-elections-municipales_6661221_823448.html,"Sébastien Lecornu, à lAssemblée nationale, mardi 16 décembre 2025. SARAH MEYSSONNIER / REUTERS
Sébastien Lecornu a donné instruction au ministre de lintérieur, Laurent Nuñez, de préparer lorganisati… [+1959 chars]",,fr,'Sébastien Lecornu'
